meadowID,area_ha
5029,17.37971
5030,13.34991
5042,13.10499
16082,11.44411
16086,1.96817
24068,1.69436
25006,3.71493
66014,2.81922
66024,0.7156
69004,4.74969
69045,4.42326
70005,2.59424
70006,2.52549
70021,3.61493
70042,4.21346
79020,5.04741
79024,3.243
100028,3.50224
114049,3.68076
114090,2.87886
114091,3.39005
114106,3.41782
116032,3.3447
128006,2.50525
129014,3.67722
129021,4.85969
129088,7.45637
130005,3.27862
133035,4.35806
142027,6.1625
143016,5.10103
143023,4.89768
149006,6.48207
162027,3.25489
162028,5.97711
564005,4.18996
564022,3.42288
564029,3.17241
568033,2.95608
575002,10.49779
575019,3.7639
575023,5.24735
583045,6.95659
5031,15.44933
5032,12.92816
5033,14.32137
5034,12.9361
5035,13.44495
5036,12.98948
5037,12.45683
5038,12.98809
5039,11.45528
5040,12.90206
5041,9.85531
5043,6.30916
5044,13.13414
5045,2.62929
5046,13.16169
5047,12.40703
5048,8.92017
5049,5.27386
5050,1.52617
6001,2.85902
6002,7.43632
6003,8.68502
6004,8.68884
6005,8.38705
6006,8.97742
6007,9.65053
6008,9.30173
6009,8.93972
6010,10.55068
6011,10.73498
6012,10.49056
6013,11.11769
6014,6.13281
6015,5.49367
6016,0.95215
6017,10.49711
6018,11.81921
6019,12.27969
6020,12.41687
6021,12.99411
6022,4.12896
6023,4.02669
6024,8.18674
6025,6.75949
6026,4.35525
6027,3.92569
6028,5.48233
6062,3.22629
6063,3.4075
6064,1.46405
6065,4.13856
7000,61.36819
12000,64.20848
14051,13.56383
14052,12.0912
14053,11.58849
14054,11.42732
14055,11.62799
14056,10.75142
14057,11.56703
14058,8.38353
14059,9.03798
14060,4.64471
16001,6.61247
16002,1.17298
16003,3.39176
16004,4.33044
16005,2.45799
16006,1.14412
16007,0.81525
16008,3.93092
16009,6.02441
16010,1.79426
16011,2.38734
16012,4.46332
16013,1.78341
16014,3.4444
16015,3.09897
16016,2.1017
16017,2.7309
16018,1.1772
16019,1.47426
16020,2.452
16021,4.27887
16022,1.87162
16023,1.27122
16024,1.12345
16025,1.54238
16027,2.46483
16028,4.94155
16029,4.59283
16030,4.05546
16031,5.15126
16032,5.58475
16033,4.48125
16034,2.52114
16035,2.70269
16036,4.32803
16037,3.6973
16038,4.65824
16039,1.25066
16040,3.30136
16041,11.28697
16042,0.91862
16043,1.53303
16044,2.40443
16045,5.38144
16046,10.21538
16047,2.23113
16048,2.71218
16049,2.67461
16050,5.2382
16051,3.06543
16052,3.88587
16053,4.79145
16054,2.79962
16055,6.58434
16056,5.50852
16057,3.48907
16058,5.64133
16059,2.01335
16060,2.55491
16061,5.33369
16062,7.37333
16063,2.96669
16064,1.18225
16065,3.56089
16066,6.00925
16067,3.48438
16068,7.60334
16069,2.64424
16070,1.52707
16071,2.84557
16072,0.85263
16073,3.31428
16074,4.6484
16076,4.0382
16077,6.35891
16078,7.31817
16079,3.15685
16080,9.31799
16081,7.12759
16083,5.53613
16084,1.0285
16085,1.13473
16087,3.67667
16088,1.67821
16089,2.233
16090,1.43896
16091,5.84287
16092,2.58028
16093,1.52257
16094,4.23256
16095,1.7789
16096,1.08418
16104,1.38229
16105,5.22138
16106,5.9503
16107,2.07849
16108,5.02403
16109,4.2316
16110,3.03827
16111,2.0333
16112,1.51134
16113,2.42168
16114,3.19989
16115,0.64866
16118,4.18837
16119,6.19985
16120,2.06761
16121,4.99134
16122,1.47685
16123,1.17857
16124,2.67376
16125,8.17473
16129,5.3267
16134,1.08629
16135,0.52419
16136,2.00912
16137,1.95398
16138,4.92676
16139,0.78917
16140,1.96929
16141,0.89222
16142,2.10323
16143,1.48078
16144,2.76871
16145,4.58143
16146,6.26653
16147,4.3532
16148,2.01928
16149,0.94854
16150,3.29028
17001,6.60463
17002,4.93228
17003,1.52743
17004,1.14383
17006,2.51833
17007,1.67303
17008,1.36989
17009,2.53823
17010,2.1426
17011,2.2149
17012,2.58455
17013,1.26976
17014,1.90009
17015,2.83246
17016,2.32948
17017,3.20727
17018,1.20374
17019,1.88525
17020,3.41386
17021,2.76645
17022,2.90594
17023,1.23904
17024,1.88505
17025,2.74988
17026,2.86889
17027,1.12993
17028,2.81894
17029,0.91161
17030,3.89715
17031,4.28955
17032,3.77874
17033,7.47214
17034,10.9697
17036,5.89984
17037,2.82796
17038,4.6333
17039,2.12691
17040,1.98385
17041,3.31337
17042,3.33619
17043,3.44205
17044,2.81326
17045,4.06795
17046,2.47778
17047,4.57852
17048,1.47381
17049,4.02137
17050,1.75108
17051,2.97096
17052,3.72636
17053,3.37133
17054,2.56027
17055,4.42028
17056,9.5197
17057,3.3144
17058,3.90493
17059,5.14085
17060,4.25394
17061,3.84582
17062,4.49135
17063,4.85014
17064,3.37872
17065,3.63701
17066,4.43475
17067,3.1377
17068,3.41814
17069,2.40925
17070,3.26363
17071,3.34547
17072,1.60538
17073,1.70359
17074,2.24063
17075,2.27923
17076,1.63169
17077,4.82896
17078,3.03442
17079,5.2526
17080,1.63566
17081,2.51846
17082,5.12225
17083,2.12326
17084,2.43998
17085,2.83084
17086,3.89837
17087,1.96017
17088,2.07548
17089,1.34397
17090,3.31557
17091,3.20225
17092,3.87849
17093,3.11737
17094,2.15537
17095,1.89651
17096,1.92866
17097,1.70879
17098,2.89341
17099,3.69135
17100,3.46619
17101,2.73355
17102,10.34576
17103,2.63198
17104,3.39297
17105,7.43132
17106,5.37441
17107,6.17956
17108,4.58391
17109,3.41289
17110,1.13922
17111,5.72496
17112,3.10463
17113,1.78674
17114,2.49993
17115,5.85865
17116,9.0722
17117,3.73872
17118,4.0822
17119,5.90245
17120,4.01458
17121,4.21382
17122,3.62263
17123,2.88657
17124,1.98837
17125,3.02333
17126,4.34917
17127,4.9972
17128,4.56724
17129,2.69527
17130,4.27645
17131,2.37797
17132,4.56125
17133,1.42626
17134,1.63065
17135,1.89991
17136,2.05614
17138,2.18807
17139,0.81882
17140,1.28758
17141,3.2118
17142,2.06007
17143,1.23794
17144,2.3079
17145,1.65654
17147,1.30045
17148,1.4146
17149,1.62979
17150,0.779
17151,2.19096
17152,0.79785
17153,1.50488
17154,1.857
17155,2.85757
17156,4.72798
17157,1.4432
17158,2.57101
17159,2.42886
17160,1.39651
17161,2.14484
17162,1.32787
24001,1.76818
24002,1.55547
24003,1.82318
24004,1.77239
24005,1.9735
24006,1.69184
24007,2.19629
24008,1.44114
24009,2.33669
24010,1.23109
24011,2.55644
24012,2.40248
24013,1.38766
24014,0.86571
24015,0.55698
24016,1.56945
24017,1.74349
24018,1.7072
24019,1.83227
24020,1.59971
24021,1.78108
24022,1.47859
24023,1.58286
24024,1.11057
24025,5.31519
24026,2.34942
24027,1.09908
24028,1.41272
24029,0.75871
24030,1.17816
24031,1.91063
24032,1.35122
24033,1.76254
24034,2.33566
24035,2.15108
24036,1.67735
24037,1.74377
24038,2.14446
24039,2.35925
24040,1.66066
24041,1.72885
24042,1.75632
24043,2.45245
24044,1.71158
24045,1.72769
24046,1.78967
24047,1.21555
24048,1.11685
24049,1.70592
24050,1.6933
24051,1.07561
24052,1.5239
24053,1.96693
24054,1.36373
24055,1.64727
24056,1.89957
24057,1.11441
24058,0.78158
24059,1.47085
24060,2.19453
24061,1.75857
24062,1.90722
24063,2.04958
24064,1.25395
24065,1.44006
24066,1.68477
24067,1.87275
24069,1.15967
24070,1.31577
24071,1.62661
24072,3.67915
24073,1.22902
24074,1.672
24075,1.63939
24076,2.96476
24077,1.40735
24078,1.18507
24079,1.77404
24080,2.70382
24081,1.3216
24082,1.72245
24083,1.56063
24084,2.86336
24085,1.73343
24086,1.68824
24087,1.64247
24088,1.19477
24089,1.63187
24090,3.47412
24091,1.23557
24092,1.36535
24093,2.02641
24094,2.31298
24095,0.83605
24096,2.62427
24097,2.6098
24098,0.80906
25001,3.37071
25002,4.12421
25003,2.9326
25004,2.56568
25005,4.96946
25007,1.88966
25008,3.29006
25009,2.4115
25010,2.36073
25011,1.70424
25012,2.39936
25013,1.98188
25014,2.02095
25015,1.89312
25016,0.93003
25017,1.39813
25018,2.44158
25019,3.44266
25020,3.10516
25021,3.80641
25022,2.94918
25023,2.27539
25024,1.98865
25025,3.17434
25026,4.27184
25027,3.02688
25028,2.18005
25029,1.4247
25030,23.62048
25031,5.06296
25032,5.75858
25033,4.37255
25034,4.38506
25035,5.49154
25036,2.08779
25037,3.3255
25038,2.1235
25039,1.03744
25040,0.66157
25041,0.66427
25042,0.52844
25043,6.55546
25044,14.54692
25045,9.01636
25046,7.92888
25048,2.27914
25049,3.92409
25050,1.46926
25051,1.88342
25052,1.29834
25053,1.40177
25054,2.09436
25055,2.54535
25056,3.4591
25057,4.66871
25063,3.68597
25064,2.63034
25065,0.77114
25066,4.53144
25067,4.39556
25068,4.5534
25069,3.38431
25070,6.9538
25071,1.00982
25072,3.57239
25073,2.98225
25074,3.4461
25075,5.38261
25076,0.53748
25077,0.8547
25078,0.80536
25079,0.92014
25080,6.43647
25081,6.49463
25082,4.04468
25083,7.7762
25084,4.33138
25085,4.10848
25086,6.94982
25087,4.45748
25088,3.74846
25089,3.40686
25090,1.15201
25091,1.07862
25092,2.79928
25093,2.4172
25094,1.49268
25095,1.57015
25096,1.60854
25097,0.84016
25098,4.69298
25099,6.79853
25100,8.97682
25101,5.86478
25102,1.3932
25103,4.96696
25104,6.65835
25105,3.21824
25106,3.25911
25107,2.29631
25108,1.76051
25109,2.57825
25111,4.87531
25112,4.25555
25113,4.3186
25114,5.49868
25115,3.62672
25116,3.56512
25119,3.91379
25120,0.85291
25122,4.96528
25123,8.04058
25124,5.12909
25125,3.42373
25127,1.99201
25128,0.80829
25129,1.69572
25130,0.56781
25131,4.88002
25132,1.55254
25133,3.68341
25134,2.22809
25135,2.45582
25136,0.97335
25137,2.21189
25138,1.53607
25139,2.82084
25140,6.36607
25141,3.89997
49001,2.42112
49002,0.85501
66001,3.87883
66002,0.65221
66003,2.19682
66004,5.55458
66005,2.03985
66006,2.3947
66007,2.01372
66008,1.18049
66009,1.98114
66010,2.27226
66011,3.34689
66012,2.20209
66013,1.30357
66015,2.99818
66016,0.90433
66017,0.76034
66018,1.51167
66019,3.78452
66020,1.57286
66021,1.55982
66022,1.61714
66023,1.29088
66025,2.42611
66026,0.81146
66027,1.34719
66028,2.27331
66029,3.04555
66030,4.02351
66031,2.70237
66036,1.88401
66037,3.94579
66038,1.28824
66039,4.12172
66040,5.06515
66041,2.59096
66042,3.12198
66043,4.90357
66044,2.22518
66045,1.26013
66046,1.50795
66047,6.59773
66048,2.41003
66049,0.72559
66050,1.7677
66051,1.19996
69002,1.44316
69003,4.25277
69005,3.99781
69006,3.95024
69007,4.64492
69008,0.96323
69009,2.3072
69010,2.66475
69011,4.39007
69012,3.37678
69013,4.37058
69014,4.17169
69015,3.9841
69016,3.72421
69017,2.43986
69018,3.04932
69019,1.90301
69020,2.03518
69021,1.85211
69022,2.10775
69023,1.79906
69024,2.12083
69025,3.91522
69026,1.84421
69027,2.00536
69028,2.05524
69029,1.96217
69030,2.11103
69031,1.99021
69032,3.72721
69033,3.46297
69034,2.50795
69035,2.11534
69036,3.40637
69037,1.33675
69038,5.69041
69039,2.811
69040,1.12696
69041,1.04371
69042,1.88328
69043,2.9459
69044,4.01261
69046,1.84273
69047,2.20511
69048,1.53563
69049,5.05844
69050,10.1961
69051,2.77473
69052,10.78562
69053,5.60491
69054,1.35554
69055,9.47982
69056,13.4192
69057,2.58557
69058,6.55148
70001,1.10838
70002,0.98582
70003,1.38987
70004,2.4435
70007,2.50387
70008,2.76727
70009,2.54855
70010,2.49734
70011,2.41478
70012,2.50831
70013,1.27724
70014,0.88996
70015,1.074
70016,1.40463
70017,4.64238
70018,4.7013
70019,4.38524
70020,3.59363
70022,4.10748
70023,4.94849
70024,4.92494
70025,2.19734
70026,1.8199
70027,5.28694
70028,4.86621
70029,3.76315
70030,3.50901
70031,2.57217
70032,2.86819
70033,5.16548
70034,4.54434
70035,7.74482
70036,2.94558
70037,1.9033
70038,1.93359
70039,1.44452
70040,0.98722
70041,4.143
70043,3.42681
70044,4.96798
70045,1.92222
70046,2.21807
70047,3.84518
70048,4.2139
70049,4.33368
70050,0.3311
70051,0.96459
70052,1.76848
70053,3.3782
70054,2.11601
70055,1.90554
70056,4.08114
70057,1.3685
70058,1.5496
70059,1.08926
70060,1.93241
70061,1.97886
70062,1.82479
70063,0.98825
70064,1.00301
70065,1.5239
79001,2.80064
79003,6.53241
79005,0.93805
79007,1.73071
79009,2.16704
79010,0.95942
79011,1.662
79012,3.415
79013,4.37647
79014,4.31804
79015,2.67466
79016,3.02942
79017,3.74947
79018,3.97859
79021,0.7779
79022,7.55288
79023,2.58932
79025,1.43509
79027,1.72594
79028,2.50864
79029,3.97692
79030,1.60034
79031,2.94286
79032,3.34251
79033,1.70182
79035,1.20392
98001,0.39736
98002,3.95916
98003,7.99637
98004,1.68892
98005,2.94979
98006,3.50634
98007,1.92256
98008,2.59386
98009,3.72275
98010,5.55045
98011,4.21558
98012,11.04368
98015,2.63818
98016,1.50061
98017,2.25477
98018,2.35565
98019,3.07576
98020,4.21484
98021,4.07687
98022,2.90831
98023,4.59328
98024,3.182
98025,4.07274
98026,3.61587
98027,3.60807
98028,14.80236
98029,9.13886
98030,5.11142
98032,3.52827
98033,4.9965
98034,9.33896
98035,6.83783
98036,4.60091
98037,2.72077
98038,14.72732
98039,3.69202
98040,4.15804
98041,1.64388
98042,1.43518
98043,0.97401
98044,5.03917
100001,3.9764
100002,2.43866
100003,3.17296
100004,3.05609
100005,3.9447
100006,4.55126
100007,8.70447
100008,3.8063
100009,7.11699
100010,1.42393
100011,1.77889
100012,1.96962
100013,1.05941
100014,1.29567
100015,6.46693
100016,4.97815
100017,2.08888
100018,6.15468
100019,1.81554
100020,1.12438
100021,3.23611
100022,2.00962
100023,3.06575
100024,2.60484
100025,3.03193
100026,1.7144
100027,4.68138
100029,1.75074
100030,1.57807
100031,0.90139
100032,2.64184
100033,2.40479
100034,7.39706
114001,1.4221
114002,1.43348
114003,0.85895
114004,1.93148
114005,1.36333
114006,4.54208
114007,2.56703
114008,2.68877
114009,2.2188
114010,1.87921
114011,3.73519
114013,3.9331
114014,4.77494
114015,2.44966
114016,3.17841
114017,2.20096
114018,3.26339
114019,1.59678
114020,6.14034
114021,3.58274
114022,5.73274
114023,5.23585
114024,4.51865
114025,3.95665
114026,1.0094
114027,1.40582
114028,1.06831
114029,2.06128
114030,1.91491
114031,3.58435
114032,4.46234
114033,4.50516
114034,5.91061
114035,6.98635
114036,3.71626
114037,3.62757
114038,1.89629
114039,3.03394
114040,3.25831
114041,4.85428
114042,4.04842
114043,3.47379
114044,2.73933
114045,4.36557
114046,5.19703
114047,2.62626
114048,6.99841
114050,6.33358
114051,3.84304
114052,5.29005
114053,2.66231
114054,0.97561
114055,3.42718
114056,3.03976
114057,2.97835
114058,3.76707
114059,4.28066
114060,1.64478
114061,2.7195
114062,4.0206
114063,2.81031
114064,8.00804
114065,3.5359
114066,7.62354
114067,4.29402
114068,3.79925
114069,2.65625
114070,2.54441
114071,1.57131
114072,1.39759
114073,1.502
114074,2.9327
114075,3.97784
114076,1.40205
114077,4.93514
114078,5.76013
114079,4.21464
114080,2.83282
114081,1.26997
114082,4.34007
114083,2.08608
114084,1.17335
114085,5.19131
114086,2.67705
114087,4.09032
114088,5.98814
114089,2.73135
114092,1.0207
114093,1.54339
114094,4.75189
114095,5.37331
114097,3.74977
114098,3.01763
114099,5.35562
114100,2.31391
114101,1.3138
114102,2.85467
114103,4.05788
114104,4.58861
114105,3.17599
114107,2.84357
114108,2.86225
114109,2.00587
114110,4.49712
114111,5.559
114112,2.56645
114113,2.73507
114114,2.30639
114115,2.04546
114116,5.46465
114118,4.50679
114119,2.4066
114120,2.91727
114121,3.80612
114122,4.01284
114123,3.66981
114124,2.39051
114125,4.6702
114126,1.84572
114127,2.92272
114128,1.41254
114129,0.97307
114130,4.38281
114131,3.10966
114132,3.71259
114133,4.42766
114134,3.55941
114135,2.24765
114136,2.94782
114137,3.02001
114138,4.6174
114139,4.03589
114140,7.99525
114141,3.5532
114142,0.52688
114143,1.20381
114144,1.18661
114145,3.4491
114146,2.21306
114147,1.42521
114148,0.47675
114149,0.28293
114150,2.88078
114151,1.52147
114152,1.73717
114153,1.1873
115001,3.55371
115002,5.14023
115003,3.43656
115004,5.05235
115005,5.74961
115006,2.01452
115007,2.20926
115008,5.15323
115009,5.17376
115010,2.04591
115011,4.81243
115012,5.48795
115013,2.29791
115014,3.11187
115015,2.00404
115016,2.67955
115017,3.81872
116001,1.52811
116002,6.45604
116003,7.69068
116004,5.13627
116005,4.56443
116006,7.77053
116007,2.72148
116008,2.55136
116009,2.10461
116010,4.94841
116011,3.09136
116012,2.67668
116013,5.41952
116014,5.54026
116015,10.17313
116016,11.25293
116017,4.74356
116018,4.12249
116019,2.48835
116020,5.6029
116021,3.43178
116022,2.67937
116023,3.63372
116024,5.99075
116025,4.96592
116026,3.24247
116027,1.88171
116028,2.75754
116029,4.65374
116030,2.01538
116031,1.35044
116033,0.95788
127001,3.57761
127002,9.39901
127003,3.75191
127004,2.55639
127005,3.73843
127006,2.19505
127007,1.35817
127008,2.64391
127009,1.91363
127010,3.34692
127011,2.13722
127012,4.12062
127013,4.19393
127014,1.79351
127015,2.62253
127016,3.23339
127017,5.20534
127018,12.1419
127019,5.45295
127020,9.80161
127021,4.63565
127022,7.16911
127023,6.04665
127024,9.41985
127025,0.72775
127026,5.48136
127027,10.53705
127028,5.49425
127029,2.18119
127030,5.9785
128001,0.94398
128002,1.04795
128003,0.70983
128004,5.21657
128005,2.04196
128007,4.81402
128008,3.96478
128009,12.02262
128010,0.82225
128011,4.28107
128012,4.65415
128013,3.96487
128014,0.9324
128015,3.95445
128016,3.79634
128017,4.45831
128018,1.41435
128019,2.41977
128020,2.76809
128021,3.75519
128022,3.97936
128023,4.22566
128024,4.9896
128025,6.37559
128026,2.05346
128027,3.17597
128028,2.94483
128029,3.3625
128030,5.26512
128031,4.27151
128032,2.72573
128033,3.19345
128034,5.40156
128035,9.91958
128036,4.50239
128037,5.20436
128038,5.07929
128039,3.3202
128040,3.92007
128041,6.14562
128042,2.94558
128043,3.06422
128044,4.4969
128045,3.5283
128046,3.10245
128047,7.29085
128048,3.75767
128049,3.42025
128050,4.86719
128051,4.9795
128052,3.66583
128053,1.94557
128054,2.98341
128055,3.26836
128056,4.30932
128057,2.71232
128058,3.02058
128059,2.09903
128060,3.70409
128061,3.4741
128062,3.20377
128063,3.48443
128064,2.1358
128065,2.03843
128066,3.24731
128067,4.23951
128068,4.31561
128069,4.72417
128070,1.09381
128071,2.36846
128072,1.87428
128073,4.93302
128074,2.69843
128075,5.09379
128076,5.24191
128077,13.32034
128078,1.89234
128079,1.90844
128080,1.20425
128081,2.02181
128082,2.24188
128083,1.41867
128084,4.37131
128085,3.03268
128086,3.27064
128087,4.24431
129001,0.27781
129002,0.87112
129003,3.2533
129004,1.8707
129005,2.0039
129006,2.37235
129007,2.68735
129008,5.04765
129009,10.51166
129010,2.00433
129013,4.46649
129015,3.01987
129017,3.52259
129018,1.97118
129019,3.8231
129020,2.02225
129022,4.40679
129023,4.16727
129024,3.75279
129025,3.0647
129026,5.62164
129027,2.68954
129028,27.76563
129029,1.03383
129030,3.96761
129032,3.7873
129033,3.72152
129034,1.90484
129035,2.5449
129036,0.40363
129039,1.37241
129040,3.70998
129041,1.30197
129042,2.32922
129043,3.19899
129044,2.68145
129045,2.90609
129047,6.18299
129048,2.91811
129050,3.94148
129051,7.73306
129052,2.24636
129053,3.36232
129054,2.46006
129055,2.66498
129056,1.60167
129057,2.81974
129058,2.40794
129059,3.73245
129060,2.69979
129061,2.75421
129062,2.3763
129063,12.533
129064,7.63194
129065,3.20326
129066,1.57952
129067,6.59933
129068,2.40723
129069,1.26917
129070,3.891
129071,6.105
129072,3.87679
129073,5.39943
129074,2.99803
129076,1.94941
129077,1.164
129078,2.50986
129079,2.15299
129080,4.72503
129081,28.76376
129086,3.44928
129087,1.51512
129089,0.68856
129090,2.59584
129091,3.42268
129092,2.87164
129093,1.88059
130001,4.77277
130002,3.84925
130003,8.55698
130004,8.80065
130006,4.46616
130007,4.25163
130008,3.46926
130009,11.95642
130010,6.94398
130011,4.07014
130012,4.02292
130013,6.96158
130014,4.51039
130015,2.6631
130016,1.73045
130017,4.44091
130018,6.13756
130019,4.33786
130020,4.19098
130021,3.82617
130022,2.97694
130023,5.63045
130024,5.02585
130025,4.49467
130026,7.74842
130027,2.55412
130028,7.22552
130029,7.1626
130030,5.93632
130031,2.14913
131001,5.14176
131002,5.69842
131003,6.5748
131004,2.31323
131005,4.14515
131006,3.63615
131007,3.4391
131008,4.29616
131009,3.70806
131010,4.11679
131011,4.491
131012,4.48965
131013,4.64583
131014,1.31083
131015,3.02722
131016,10.74673
131017,4.97118
131018,4.53122
131019,3.93011
131023,2.23756
131024,5.19082
131025,2.01524
131026,2.42165
131027,3.3399
131028,6.14925
131029,1.81414
131030,0.93371
131031,3.8342
131032,3.79088
131033,4.0844
131034,1.84059
131035,3.57497
131036,4.94571
131037,5.59464
131038,5.62734
131039,3.66855
131040,2.07059
131041,1.01879
131042,3.05597
131043,2.27899
131044,3.16378
131045,2.40464
131046,3.20329
131047,4.38276
131049,1.59394
131050,5.85792
131051,2.41316
131052,2.29615
131053,4.3913
131056,2.11217
131057,7.9749
131058,0.9121
131059,2.00063
131060,3.5013
131061,2.65096
131062,3.78033
131063,2.36929
131064,3.52682
131065,4.1292
131066,2.73908
131067,3.33382
131069,5.27011
131070,2.61511
131071,5.00088
131073,1.46963
131074,2.69775
133001,2.92999
133002,3.85403
133003,5.66338
133005,3.17652
133006,2.86006
133007,4.79215
133008,3.01364
133009,2.22605
133010,4.37435
133011,5.20814
133012,1.14823
133013,3.07581
133014,2.46791
133015,2.55928
133016,2.8561
133017,2.40483
133018,1.50534
133019,0.63442
133020,4.89994
133021,0.63616
133022,3.58198
133023,8.78414
133024,2.03465
133025,4.01564
133026,3.49496
133027,4.23424
133028,3.8588
133029,1.25557
133031,3.21612
133032,1.55317
133033,2.29361
133034,2.79125
133036,2.90423
133037,1.81435
133038,2.37559
133039,3.73935
133040,2.10059
133041,1.60765
133042,2.06684
133043,1.61339
133044,3.71264
133045,1.20448
133046,1.72477
133047,4.30878
133048,2.80905
133049,1.93914
133050,1.85133
133051,2.86334
134002,4.3105
134003,2.66486
134004,2.37493
134005,3.03209
134006,3.02767
134007,2.24151
134008,3.07389
134009,3.18204
134010,6.25561
134011,2.31761
134012,2.77377
134013,3.93457
134014,1.72769
134015,1.80509
134016,2.2768
134017,1.88798
134018,4.14346
134019,4.11754
134020,4.40562
134021,2.60406
134022,2.95228
134023,2.5941
134024,2.22841
134025,3.37635
134026,3.33576
134027,2.67356
134028,3.70543
134029,15.98397
134031,1.69895
134032,1.31321
134033,3.26524
134034,2.61593
134035,3.861
134038,3.29518
134039,4.01696
134040,6.81445
134041,3.39994
134042,1.59637
134043,2.42771
134044,2.17965
134046,5.84468
134047,2.79695
134048,2.80213
134049,2.71148
134050,3.37928
134051,5.04326
134052,6.65742
134053,6.26987
134056,3.58773
134057,8.38353
134058,0.99622
134059,1.79798
134060,8.33203
134062,6.33684
134063,3.55718
134064,3.53479
134066,2.73698
134067,1.81838
134068,4.26394
134070,7.86226
134072,4.1885
134073,1.91993
134074,1.06421
134075,6.5565
134076,1.47146
134077,2.07447
134078,2.58415
134079,1.34102
134080,1.58142
134081,3.70668
134082,6.12959
134083,2.83767
134084,2.36337
134085,4.76256
134086,2.32969
134087,1.31941
134088,1.73724
134089,4.07201
134090,5.35542
134091,2.39832
134092,2.03904
134093,2.2512
134094,4.43359
134095,2.86999
134096,2.79438
134097,2.64133
134098,4.56402
134099,2.30059
134100,3.84983
134101,1.84676
134102,1.44956
134103,2.43332
134104,4.6797
134105,2.45986
134106,3.86174
134108,6.60738
134109,1.35075
134110,4.1861
134111,5.38337
134112,1.25529
134113,4.11004
134114,3.26978
134115,2.042
134116,3.40816
134117,4.42315
134118,1.17561
134121,4.27955
134122,0.50705
134123,1.5745
134124,0.53151
134125,0.51199
134126,6.12192
134127,7.30668
134128,2.25543
134129,4.17656
134131,2.9185
134132,1.15634
134133,1.90809
137001,5.23583
137002,2.60187
137003,1.26712
137004,8.81728
137005,2.94613
137006,4.1637
137007,6.81655
137008,3.66885
137009,3.67
137010,2.55028
137011,3.6845
137012,3.82821
137013,2.04509
137014,9.65308
137015,2.00845
137017,1.84341
137018,1.96216
137019,3.92436
137020,12.13746
137021,4.68856
137022,6.37961
137023,5.1167
137024,3.8764
137025,4.50416
137026,0.96894
137027,1.14912
137028,4.49595
137029,3.27508
137030,1.22079
137031,1.45821
137032,2.79672
137033,2.31057
137036,2.84582
137037,3.28002
137038,3.41694
137039,3.01809
137040,12.7739
137041,4.37552
137042,1.65861
137045,1.80728
137046,1.48571
137047,1.38452
137048,3.45251
137049,5.87832
137050,1.9986
137051,3.90162
137052,3.25371
137053,2.84432
137054,2.0238
137055,3.52877
137056,3.29614
137057,2.62432
137058,1.94761
137059,4.63531
137060,2.73006
137061,4.26028
137062,2.13108
137063,1.48821
137064,2.22423
138001,2.26203
138002,2.59598
138003,1.7348
138004,2.02266
138005,1.92241
138006,1.52161
138007,2.40073
138008,3.21685
138009,2.42826
138010,3.17271
138012,6.91363
138013,2.13368
138014,6.37257
138015,4.91405
138016,8.482
138017,7.79807
138018,2.32541
138019,7.56731
138020,3.05364
138021,1.94188
138022,1.65627
138023,1.77302
138024,3.73351
138025,4.76823
138026,2.38914
138027,3.42839
138028,4.12458
138029,2.20456
138030,3.64439
138031,6.7766
138032,4.08106
138033,2.3309
138034,2.84812
138035,2.61162
138036,2.05902
138037,1.50522
138038,3.99243
138039,3.18785
138040,3.08221
138041,4.68547
138042,1.9268
138043,3.44041
138044,3.52538
138045,3.57466
138046,5.73017
138047,3.20355
138048,2.62599
138049,3.18376
138050,2.64937
138051,5.30155
138052,2.873
138053,2.54884
138054,4.53111
138055,2.40347
138056,1.81023
138057,6.1791
138058,5.04437
142001,3.14521
142002,7.36669
142003,4.62564
142004,7.0345
142005,6.12605
142006,5.45242
142007,4.86549
142008,6.41335
142009,0.44271
142010,3.93169
142011,5.85114
142012,3.80178
142013,4.40787
142014,6.64989
142015,1.79849
142016,6.55134
142017,4.23998
142018,4.0564
142019,4.34358
142020,4.57501
142021,3.63053
142022,5.50414
142023,2.97484
142024,1.44366
142025,2.83219
142028,3.60371
142029,6.50213
142030,4.49854
142031,4.48507
142032,2.9971
142033,2.22107
142034,4.30302
142035,3.97047
142036,5.23485
142037,3.24908
142038,6.28772
142039,4.20257
142040,3.34313
142041,3.7599
142042,2.96781
142043,1.96691
142044,5.00549
142045,4.69595
142046,2.39597
142047,4.21737
142048,2.38398
142049,4.26707
142050,3.34689
142051,3.1545
143001,3.21977
143002,3.20749
143003,4.98478
143004,4.17856
143005,3.73537
143006,1.91696
143007,4.54628
143008,4.94297
143009,2.9826
143010,2.18069
143011,6.34052
143012,3.26572
143013,4.86682
143014,6.68439
143015,2.61921
143017,3.05884
143018,4.34185
143019,5.94921
143020,7.55013
143021,2.79267
143022,2.85416
143024,2.61067
143025,4.47621
143026,4.50552
143027,3.66467
143028,3.64929
143029,4.26551
143030,2.30685
143031,3.82678
143032,3.85507
143033,3.4049
143034,1.15863
143035,5.27283
143036,6.93299
143037,2.89069
143038,3.19041
143039,5.94322
143041,20.96702
143045,0.9798
144001,2.53737
144002,2.99226
144003,3.48512
144004,7.66644
144005,2.75666
144006,4.97986
144007,3.29306
144008,2.20358
144009,5.0601
144010,4.28391
144011,1.67073
144012,4.05042
144013,2.08932
144014,1.35507
144015,3.91521
144016,4.07962
144017,8.74389
144018,6.76806
144019,5.59246
144020,3.57376
144021,3.5683
144022,4.96156
144023,5.8457
144024,3.36067
144025,4.71605
144026,4.25324
144027,3.25455
144028,4.02908
144029,4.92669
144030,4.18084
144031,5.2936
144032,5.58399
144033,8.06998
144034,1.04223
144035,4.2831
144036,4.32466
144037,6.01968
144038,5.40525
144039,4.29689
144040,3.34427
144042,1.07364
144043,1.2972
144044,1.84054
144046,6.69328
144047,2.68423
144048,3.55836
144049,2.14488
144050,5.80138
144051,3.95179
144052,5.05451
144053,1.52752
144054,9.48612
144055,2.5051
145001,4.54453
145002,2.83175
145003,4.20062
145004,2.18558
145005,2.49594
145006,3.6901
145007,9.35401
145008,9.21195
145009,3.0928
145010,8.46926
145011,3.47316
145012,4.52088
145013,3.05365
145014,4.86306
145015,2.36111
145016,3.77099
145017,4.26861
145018,2.01785
145019,1.0425
145020,1.8022
145021,2.21666
145022,8.94172
145023,10.07678
145024,4.01736
145025,3.59765
145026,5.53635
145027,5.66773
145028,3.70466
145029,2.56926
145030,3.7725
145031,2.66492
145032,4.56098
145033,10.96842
145034,3.69173
145035,6.9819
145036,10.79716
145037,8.24249
145038,4.89854
145039,4.77224
145040,4.19602
145041,7.04952
145042,2.20845
145043,4.00382
145044,5.64001
145045,7.81249
145046,6.46879
145047,4.95823
145048,2.5897
145049,3.74341
145050,4.77123
145051,3.20927
145052,1.17612
145053,4.75297
145054,3.60566
145055,4.23647
145056,7.86156
145057,7.13461
145058,4.90084
145059,2.89941
145060,1.47716
145061,2.0417
145062,3.68882
145063,3.67469
145064,3.92046
145065,4.29643
145066,3.99856
145067,3.38521
145068,2.5535
145069,2.32516
145070,2.52679
145071,4.80515
145072,2.57679
145073,6.4126
145074,4.7457
145075,3.21155
145076,3.70431
145077,6.87071
145078,4.20081
145079,7.20625
145080,3.51337
145081,7.58827
145082,1.16209
145083,5.96828
145084,5.83879
145085,4.32301
145086,3.4101
145087,4.52789
145088,4.10747
145089,2.99735
145090,5.90205
145091,1.55679
145092,2.67813
145093,3.75422
145094,5.0788
145095,3.35208
145096,5.26585
145098,3.28783
145099,2.42918
145100,2.10653
145101,1.5274
145102,4.11882
146001,3.61466
146002,2.88809
146003,4.86623
146004,8.26327
146005,2.61067
146006,2.39364
146007,2.0984
146008,1.58692
146009,7.32054
146010,5.72575
146011,4.99002
146012,5.52194
146013,2.8354
146014,4.90246
146015,2.21128
146016,4.34426
146017,3.32617
146018,2.74657
146019,6.70893
146020,3.88862
146021,1.83278
146022,3.08577
146023,4.82129
147003,2.04989
147004,2.41022
147005,0.43235
147006,4.96931
147007,4.91677
147008,4.60508
147009,2.28921
147011,4.76571
147012,2.29304
147013,4.51557
147015,4.61747
147016,2.19756
147017,0.65886
147018,6.01549
147019,2.27126
147020,1.4864
147021,5.57005
147022,4.41227
147024,1.37485
147025,0.23605
147026,1.11685
147027,0.20935
147028,0.44755
147030,3.61449
147031,8.9023
147032,1.17945
147033,7.27322
147034,0.72452
147035,10.18168
147037,0.18465
147038,1.64177
147039,4.54618
147042,3.04483
147043,3.77397
149001,8.58708
149002,4.49224
149003,3.94243
149004,2.9869
149005,4.02204
149007,2.32369
149008,3.27926
149009,3.49069
149010,3.73396
149011,12.73821
149013,6.50154
149014,5.63976
149015,2.63207
149016,5.52905
149017,3.09509
149018,10.89719
149019,6.98242
149020,3.4938
149021,1.91902
149022,3.94341
149023,3.29314
149024,2.01548
149025,2.75403
149026,2.40585
149027,5.5449
149028,2.5608
149029,3.03445
149030,5.13976
149031,4.1906
149033,4.54704
149034,2.53988
149035,4.94378
149036,2.82194
149037,1.57528
149038,2.83794
149039,3.08058
149040,5.46181
149041,1.49435
149042,1.33448
149043,1.56827
149044,1.96448
149045,3.57993
149046,3.89824
149047,1.55946
149048,2.0639
149049,2.11099
149050,3.29846
149051,5.5905
149052,5.36579
149053,5.40286
149054,1.67257
149055,5.27016
149056,6.80144
149057,10.47937
149058,7.13473
149059,2.41027
149060,8.35398
149063,3.14799
149064,6.21573
149065,2.71736
149066,2.87093
149067,3.05244
149068,7.44024
149070,2.29828
149071,1.63865
149073,2.32306
149074,3.17498
149075,6.28785
149076,1.65846
150001,5.94548
150002,2.6729
150003,1.80124
150004,1.88889
150005,4.51167
150006,4.64458
150007,3.47996
150009,3.56042
150010,2.72431
150011,1.84175
150012,1.06444
150013,2.81293
150014,1.05488
150015,3.60948
150016,5.23972
150017,1.76081
150018,3.68281
150019,5.55918
150020,4.48141
150021,5.27409
150022,1.87102
150023,2.57686
150024,4.09703
150025,3.57067
150026,7.94655
150027,3.89415
150028,8.59965
150029,1.54777
150030,4.55848
150031,5.96966
150032,2.02863
150033,1.64097
150034,2.9518
150035,6.07457
150037,5.33471
150038,1.97636
150039,1.75072
154002,2.02038
154003,2.9019
154004,4.12388
154005,4.19306
154006,3.42733
154007,2.3254
154008,3.32524
154009,0.7854
154010,0.94236
154011,3.2096
154012,5.43193
154013,1.57632
154014,1.43806
154016,0.90472
154017,1.76297
154019,1.14732
154020,5.69597
154021,1.42194
154022,2.16978
154023,0.80782
154024,3.16599
154025,1.69843
154026,2.03497
154027,2.73876
154028,2.22337
154029,2.9178
154030,2.27518
154031,2.60341
154032,3.55009
154033,2.90175
154034,1.58567
154035,3.25228
154036,1.98926
154037,2.07834
154038,2.53518
154039,2.76149
154040,2.23905
154041,1.96708
154042,2.10066
154043,1.58339
154044,1.05779
154045,1.68195
154046,0.7331
154047,1.16252
154048,3.35943
154049,1.26435
154050,1.94323
154051,0.26611
154052,0.35952
154053,0.33491
154054,1.80306
155001,2.50322
155002,1.98482
155003,1.91712
155004,2.24306
155005,5.28061
155006,2.81185
155007,1.9938
155008,1.62578
155009,2.45193
155010,6.52117
155011,2.43853
155012,4.95522
155013,6.30008
155014,3.35537
155015,4.19325
155016,2.97852
155017,3.01601
155018,3.00268
155019,2.90432
155020,1.85297
155021,2.34749
155022,2.18519
155023,2.47364
155024,2.09045
155025,2.19975
155026,2.14672
155027,2.29348
155028,1.93483
155029,2.11159
155030,2.02172
155031,1.80099
155032,2.42721
155033,3.32502
155034,0.91212
155035,1.90514
155036,2.37927
155037,2.71766
155038,2.74905
155039,4.40729
155040,1.95307
155041,2.16416
155042,2.96422
155043,2.98134
155044,2.50319
156001,1.79958
156002,1.96129
156003,1.62312
156004,1.96508
156005,1.32541
156006,1.30282
156007,1.4646
156008,1.50644
156009,1.71809
156010,2.63847
156011,1.15115
157001,14.72451
157002,2.9638
157003,4.59762
157004,2.19502
157005,1.32667
157006,4.52703
157008,3.66158
157009,4.68803
157010,2.53228
157011,9.34829
157012,2.54706
157013,3.30975
157014,3.25678
157015,6.44936
157016,3.02385
157017,3.09658
157018,2.12407
157019,2.80576
157020,1.20325
157021,1.07465
157022,2.88377
157023,5.24742
157024,1.94165
158001,6.61453
158002,5.13914
158003,5.52824
158004,5.74267
158005,6.10279
158006,6.59883
158007,7.42824
158009,5.19294
158010,5.09748
158011,3.52175
158012,4.27613
158013,3.71522
158014,4.35328
158015,5.99415
158016,3.10582
158017,3.14553
158018,3.71704
158019,5.92001
158020,8.16147
158021,4.83892
158022,2.576
158023,4.29157
158024,4.65471
158025,2.69787
159002,4.45697
159003,3.46541
159004,5.52421
159005,3.66839
159006,3.30136
159007,2.98626
159008,4.85276
159009,3.63572
159010,4.50564
159011,5.18328
159013,2.15046
159014,4.64631
159015,6.03137
159016,3.96888
159017,6.72372
159018,4.53034
159019,3.02948
159020,2.85562
159021,3.86881
160001,2.81394
160002,2.34206
160003,6.12583
160004,6.98359
160005,1.12424
160006,3.68498
160007,3.89844
160008,4.42892
160009,6.08333
160010,3.36729
160011,2.34719
160012,4.57942
160013,3.07323
160014,5.87433
160015,3.4807
160016,1.5967
160017,1.43298
160018,9.27673
160019,6.1131
160020,4.0053
160021,3.75811
160022,1.50913
161001,6.9837
161002,5.40214
161003,5.83962
161004,4.24969
161005,9.30335
161006,1.92843
161007,0.56945
161008,3.25357
161009,4.45269
161010,2.30692
161011,4.17185
161012,2.65223
161013,3.31834
161014,3.52339
161015,5.44959
161016,5.8455
161017,3.59406
161018,3.69606
161019,3.48893
161020,0.93931
161021,0.8982
161022,0.45272
161023,0.44425
161024,0.51413
161025,0.98306
161028,1.94992
161029,0.94001
161030,2.06921
161031,0.92092
161032,2.01767
162001,2.61172
162002,3.93047
162003,5.60206
162004,2.34185
162005,3.50389
162006,6.36616
162007,12.39055
162008,2.35127
162009,1.72346
162010,1.63017
162011,5.64683
162012,6.61785
162013,2.39009
162014,5.25669
162015,3.32548
162016,4.40088
162017,7.27379
162018,2.82104
162019,4.61411
162020,2.16
162021,2.66631
162022,2.50498
162023,4.21101
162024,2.37013
162025,1.59683
162026,4.03246
162029,4.5236
162030,5.91541
162031,3.98043
162032,2.74676
162033,3.10875
162034,8.03093
162035,4.89244
162037,4.20425
162038,4.13232
162039,5.41354
162040,4.77956
162041,4.29367
163001,3.7933
163002,5.10147
163003,4.0921
163004,3.45625
163006,1.19648
163007,2.72863
163008,2.00555
163009,4.98548
163012,1.84518
163013,3.77441
163014,1.41294
163015,4.79083
163016,8.92926
163017,2.38979
163018,2.28852
163019,1.81027
163020,2.40809
163021,1.73454
163022,5.04065
163023,2.45628
163024,2.5507
163025,5.58361
163026,3.33542
163027,2.19583
163028,2.58786
163029,4.64621
163030,4.14131
163031,2.1974
163032,2.68274
163033,5.7829
163035,6.05575
163036,2.17085
163037,2.53725
163038,1.54733
163040,1.24837
163041,4.19474
163042,1.91049
163043,2.1221
163044,1.93368
163045,1.92262
163047,4.26513
163048,1.46961
163049,2.29481
163050,2.25687
163051,13.81702
163052,2.91411
163053,3.33967
163054,4.26743
163055,3.66603
163056,3.00396
163057,4.74173
163058,4.16933
163059,4.48233
163060,4.00057
163061,3.33475
163062,11.3202
163063,2.01563
163064,3.86206
163065,2.90713
163066,2.30825
163067,1.87322
163068,2.12345
163069,1.71843
163070,4.26109
163071,2.24615
163072,5.30532
163073,3.97829
163074,3.08608
163075,3.47869
163076,5.20607
163077,4.07116
163078,3.91495
163079,2.64202
163080,3.47163
163081,2.11137
163082,6.75079
163083,4.1202
163084,2.80736
163085,5.94718
163086,2.26294
163087,2.07001
163088,4.2273
163089,2.53685
163090,1.8949
163091,9.34003
163092,5.55192
163093,3.52976
163094,5.46825
163095,3.69615
163096,3.23198
163097,3.45671
163098,2.09528
163099,2.04386
163100,2.21331
163101,2.54619
163102,3.41985
163103,2.81066
163104,2.11425
163105,2.61571
163106,2.65641
163107,1.93738
163108,1.7093
163109,1.79874
163110,1.68079
163111,1.91193
163112,1.58055
163113,1.28028
164001,2.92222
164002,6.65247
164003,3.57401
164004,2.33437
164005,3.57564
164006,4.30304
164007,2.13507
164008,1.829
164009,4.70885
164010,4.28809
164011,3.19739
164012,4.65255
164013,2.66545
164014,5.70124
164015,1.8914
172001,0.38971
172002,2.52135
172003,1.11751
172004,1.59066
172005,3.56167
172007,2.53515
172008,3.26461
172009,2.22278
172010,2.93705
172011,2.47393
172012,2.38714
172013,2.2574
172014,0.82605
172015,4.76248
172016,2.57797
172017,3.84355
172018,3.39814
172019,2.11577
172021,2.22354
172022,1.58795
172023,3.34892
172024,2.52704
172025,3.48055
172026,2.90333
172028,2.46001
172029,4.04871
172030,1.28833
172031,2.72738
172032,1.21721
172033,7.12021
172034,4.03797
172035,2.43679
172036,1.35962
172037,1.984
172038,1.97243
172039,2.23342
172040,2.72753
172041,3.44265
172042,3.51533
172043,1.76119
172044,2.26746
172045,3.33057
172046,1.48799
172047,1.3264
172048,1.9885
172049,3.42891
172050,1.67516
172051,1.48021
172052,2.35113
172053,1.05975
172054,1.48788
172056,0.57117
172057,0.85104
172059,1.14851
172060,1.62303
172061,3.31394
172062,1.12656
172063,1.11583
172064,1.84779
258001,3.61383
258003,1.5326
258005,4.37986
258006,3.99583
258007,2.49164
258008,1.72158
258009,1.59886
258010,1.92858
258011,2.24372
258012,3.35813
258014,2.90657
258015,1.47296
258018,2.67288
563001,6.84769
563002,2.89987
563003,7.53397
563004,1.5089
563005,10.90297
563006,3.60791
563007,10.61203
563010,7.56086
563011,10.77923
563012,6.64869
563014,2.57977
563015,3.64749
563018,1.36689
563019,2.11909
563020,3.03816
563021,1.2805
563022,5.65624
563023,0.55799
563024,0.57355
563025,3.976
563026,2.01227
563027,1.60412
564001,1.09947
564002,9.44388
564003,4.99161
564007,3.34151
564009,6.3663
564010,2.21043
564011,2.44979
564012,3.44615
564013,2.86031
564014,2.05331
564015,7.82895
564016,4.00195
564017,2.01074
564018,5.34702
564019,1.61313
564020,2.79893
564021,2.81824
564023,3.45588
564026,3.1042
564027,0.84929
564028,4.88459
564032,1.91689
564033,2.66047
564037,5.90968
564038,1.39512
564041,3.49345
564042,2.13961
564043,0.89639
564044,0.58905
564050,1.17021
564052,4.10605
565004,4.33474
565008,12.35152
565009,4.69352
565012,5.1373
565018,1.52707
566002,5.17242
566003,8.08942
566004,3.97834
566007,2.07192
566009,6.75766
566010,7.55616
566011,3.24018
566012,4.09766
566017,1.34482
566018,6.88502
566019,4.00171
566020,6.20294
566021,2.32025
566022,5.42802
566023,3.73161
567001,1.78602
567002,2.7108
567003,2.10948
567004,5.94996
567006,5.73045
567007,3.7189
567008,2.80828
567009,2.73528
567010,5.69401
567011,5.96004
567012,4.40842
567013,3.10952
567014,2.42152
567016,0.42901
567017,5.57781
567018,1.41119
567019,0.67039
567020,5.22998
567021,1.97922
567022,3.19435
567023,1.09861
567025,1.39563
567026,2.5203
567027,4.91549
567028,0.90544
567029,4.22999
567030,1.50284
568001,2.68439
568002,2.32035
568003,2.01019
568004,0.43904
568006,2.39675
568009,3.09578
568010,0.36918
568013,0.81638
568014,1.86851
568016,0.39554
568017,0.75305
568018,1.93511
568019,2.68679
568020,1.29281
568021,0.44027
568022,3.10892
568023,1.39124
568025,1.70631
568026,1.82462
568027,3.93478
568028,2.15652
568029,3.77451
568030,2.29073
568031,4.10564
568032,2.47143
568034,0.8592
568035,2.76249
568036,0.72464
568038,1.71271
568039,2.05892
568041,2.17006
568042,2.96924
568044,2.70148
569003,2.71514
569004,1.78477
569005,3.15938
569006,4.24593
569008,3.53156
569009,1.50306
569014,1.0889
569015,3.27743
569016,8.28526
569017,1.14444
569018,4.6568
569019,8.28764
569020,1.1971
569021,2.05327
569022,3.015
569023,0.65314
569024,2.02942
569025,5.01728
569026,3.61536
569027,4.16084
569028,3.09184
569029,4.82437
569030,4.13709
569031,1.40232
569032,1.80807
569035,1.84981
569036,4.21683
569037,3.55816
569038,2.01716
569039,2.91059
569040,4.91222
569041,1.72663
569042,0.84747
569046,3.90369
569048,2.69526
569049,4.37722
569051,3.22533
569052,1.92363
570001,2.2669
570002,1.54313
570003,0.27901
570005,4.73746
570006,0.10595
570007,6.06613
570008,0.34459
570009,3.29836
570010,5.41596
570011,5.5038
570012,2.92942
570016,2.03511
570017,1.48767
570018,2.37886
570019,4.08204
570020,4.50769
570022,2.37609
570023,1.74425
570024,2.48042
570025,4.51899
570026,2.90945
570027,3.11285
570028,5.26546
570029,3.87068
570031,1.90201
570032,0.41385
570033,0.80322
570034,3.262
570035,1.09654
570036,0.6933
570037,3.41266
570038,6.29137
570039,3.75984
570040,3.53115
570041,3.16362
570042,1.69653
570043,4.71975
570044,2.63759
570045,1.11196
570046,1.11881
571001,3.60584
571002,5.39058
571003,3.47527
571005,6.85863
571006,6.44886
571007,4.76594
571008,0.9634
571009,5.18754
571010,2.60934
571011,1.8125
571012,5.05719
571019,1.78067
571020,4.31716
571023,2.32034
571024,5.00263
571025,2.80889
571026,1.7982
571027,3.30304
571028,2.25869
571030,1.47387
571032,4.46505
571033,4.83182
571034,5.67314
571035,7.04163
571036,1.32546
571038,0.8823
571039,1.38907
571040,3.17949
571041,7.61392
571042,3.50452
571043,4.13454
571044,0.80911
571046,3.26498
571047,2.63256
571048,1.31573
571049,0.81718
571051,3.66916
571052,2.92422
571053,10.18562
571054,4.03544
572001,1.17207
572002,2.41572
572003,2.49218
572004,0.98431
572005,1.59046
572006,2.45347
572007,0.88905
572008,1.83692
572012,2.57381
572013,2.07227
572014,2.86159
572015,1.37719
572016,1.35751
572018,1.08106
572019,0.76776
572020,0.84341
572021,1.00011
572022,1.12468
572023,1.40871
572024,1.82713
572025,2.005
572026,0.6749
572027,2.28134
572028,2.49222
573002,0.91343
573003,2.78224
573004,4.7796
573005,2.47395
573006,0.48006
573007,4.35395
573009,2.37042
573010,2.00664
573011,2.82702
573012,2.8589
573013,3.12679
573014,4.22024
573015,5.82723
573016,2.70037
573017,1.81725
574001,1.28805
574002,1.08196
574003,1.84977
574004,1.14052
574005,2.71521
574006,3.64188
574007,3.03524
574008,5.11285
574009,1.44726
574010,1.69541
574011,0.69126
574012,5.35085
574013,4.15135
574014,9.61606
574015,4.54044
574016,4.55761
574017,2.82283
574019,1.05187
574020,6.14936
574021,6.85472
574025,5.57819
574026,1.31296
575003,4.52801
575004,7.27522
575005,4.12697
575006,2.30903
575007,6.82241
575008,0.96671
575009,12.70766
575010,14.61839
575011,2.23075
575012,4.27806
575013,3.11663
575014,2.28944
575015,7.38893
575016,5.85518
575017,2.18261
575018,2.22067
575020,4.25532
575021,3.21657
575022,2.80555
575024,3.14487
575025,3.51547
575026,9.41228
575027,4.12617
575028,0.99319
575029,2.78816
576001,3.93903
576002,1.36242
576003,1.04685
576004,3.55456
576005,2.2422
576006,0.98218
576007,2.78692
576008,1.44973
576009,0.26427
576010,2.74232
576011,0.74873
576012,1.58405
576013,2.28079
576014,0.80019
576015,1.5309
576018,1.06377
576019,5.33646
576020,4.34795
576022,5.28892
576023,2.80508
576024,2.63022
576025,2.58127
576026,2.77099
576027,0.49928
576028,2.70014
576029,1.02704
576030,1.40562
576031,3.52503
576032,1.80803
576033,1.87582
576035,1.78979
577001,2.26813
577002,1.07557
577003,4.61574
577005,3.83514
577006,3.96712
577007,5.59673
577008,2.75882
577009,6.11748
577010,5.07182
577011,1.13579
577012,6.31877
577013,5.13771
577014,2.39784
577015,3.35147
577016,0.1337
577017,3.82574
577018,0.5241
577020,0.75663
577021,5.33217
577022,3.71078
577023,0.4016
577025,1.6776
577026,3.10388
577027,1.92522
577028,2.87149
577029,1.0026
577030,4.61985
577031,2.86578
577032,5.19513
578001,6.98093
578002,5.42363
578003,2.88565
578004,0.92467
578005,3.74841
578006,3.46381
578007,0.26874
578008,5.37271
578009,5.78922
578010,7.65576
578011,4.85687
578012,2.25839
578014,7.07178
578015,7.13884
578018,2.51416
578019,5.08574
578020,1.30033
578021,2.08124
578023,2.34221
578024,1.34214
578025,3.52984
578026,5.38932
578027,1.70445
578028,1.46094
578029,2.3055
578030,2.18712
578031,4.10318
578032,3.69211
578033,9.31716
578034,1.31973
578036,5.97399
578037,7.53836
578038,4.44785
578039,3.87073
578040,4.9438
578041,2.00969
578042,1.53535
578043,3.44116
578045,5.89834
578046,2.86755
578049,2.37132
579002,1.40258
579003,2.52969
579005,0.90405
579006,2.4167
579007,5.28175
579008,0.41374
579009,0.95483
579010,3.90372
579011,5.45976
579012,2.29206
579013,9.02002
579014,1.77992
579015,2.48286
579016,4.72628
579018,2.28125
579019,4.67771
579020,2.81026
579022,2.76539
579023,3.29641
579025,0.22704
579026,2.92143
579027,1.71337
579028,0.74987
579029,3.85361
579030,2.90667
579031,3.11116
579032,4.06473
579033,2.76059
579034,4.6947
579035,2.99319
579036,5.48409
579037,4.31508
579039,2.3938
579040,1.77839
579041,5.76074
579042,0.34969
579043,0.14955
579044,3.85288
579045,0.29072
579046,2.6174
579047,3.83901
579049,1.6015
579050,5.48528
579051,3.90625
579052,2.3665
579053,1.82444
579054,5.08997
579055,1.64147
580001,2.55957
580003,6.46248
580004,3.97176
580005,5.114
580006,2.43547
580007,2.72821
580008,4.59953
580009,7.71379
580011,16.88563
580012,2.25011
580013,3.33072
580014,0.51183
580015,1.89166
580016,4.07854
580017,2.41526
580019,4.8882
580021,0.80203
580022,1.17986
580023,2.76084
580024,3.5931
580025,1.11104
580026,1.48474
580027,2.57468
580028,5.90449
580029,5.02064
580030,3.4007
580031,0.91356
580032,2.63906
580033,1.11767
580034,5.01348
580035,3.19241
580036,0.51478
580037,4.36217
580038,0.36704
580039,2.07014
580040,0.2581
580041,6.76245
580042,8.73344
580043,3.84908
580044,2.00341
581001,2.9191
581002,4.92539
581003,1.45503
581004,2.89499
581005,3.53372
581006,0.28982
581007,3.16777
581008,5.94142
581009,2.91561
581010,1.95032
581012,2.95801
581013,3.1077
581014,6.40885
581015,2.35377
581016,1.63731
581017,2.15526
581018,5.41761
581019,2.97652
581020,0.0581
581021,1.27923
581022,3.04663
581023,2.17525
581024,0.57825
581025,0.26821
581026,1.04744
581027,2.56208
581028,2.35509
581029,3.67289
581030,3.15087
581031,6.61459
581032,4.16598
581033,5.06269
581034,3.44098
581035,2.90338
581036,0.74108
581037,1.59673
581038,3.60197
581039,1.85275
581040,3.84352
581041,3.99614
581042,0.32113
581043,2.95754
581044,2.05003
581045,5.48563
581046,5.39342
581047,4.45725
581048,4.71462
581049,4.11175
581050,4.48555
581051,1.09498
581052,5.24
581053,3.61042
581054,3.74835
581055,1.55176
581056,3.23017
581057,2.32836
581058,0.55567
581059,3.50077
581060,3.75263
581061,3.25452
581062,1.81985
581063,2.19124
581064,3.09758
581065,1.57462
581066,2.62344
581067,3.35751
582001,2.63175
582002,4.80735
582003,2.85113
582004,2.80126
582005,4.60829
582006,4.58194
582007,0.15287
582008,3.58749
582009,5.28671
582010,3.15103
582011,2.85036
582012,3.57666
582013,3.49809
582014,5.02981
582015,2.78985
582016,2.56564
582017,8.01758
582018,3.53704
582019,1.81187
582020,3.54485
582021,3.0253
582022,3.98393
582023,3.00973
582024,3.71589
582025,6.16264
582026,5.24861
582027,3.83313
582028,4.13229
582029,3.89448
582031,0.28154
582032,2.4056
582033,5.92049
582034,3.71813
582035,2.87564
582036,3.92899
582037,0.59606
582038,3.59248
582039,4.95063
582040,9.95191
582042,2.9805
582043,2.477
582044,3.41042
582045,2.53537
582046,4.56987
582047,1.90009
582050,5.11855
582051,3.59327
582052,2.50134
582055,5.25278
582057,2.02572
582058,6.17192
582059,3.49687
582060,9.52725
582061,10.90419
582062,6.38668
582063,1.29871
582064,4.10425
582065,4.27139
582066,3.06689
582067,1.55764
582069,3.48132
582070,3.23108
582071,3.69732
582072,2.86119
582073,5.36432
582074,6.85131
582075,3.52908
583001,2.5505
583002,5.83654
583003,0.41005
583004,0.93366
583005,0.31174
583006,3.31194
583008,1.14574
583009,2.43388
583010,0.34391
583011,3.43674
583012,4.30468
583013,0.75486
583014,2.5227
583015,0.2625
583016,1.95323
583017,4.41897
583018,2.77028
583019,3.7998
583020,0.96004
583022,0.42467
583023,3.16421
583024,0.8846
583025,4.23061
583026,0.90481
583027,6.16415
583028,2.28559
583029,0.50041
583030,1.52647
583031,3.98458
583032,7.56102
583033,0.45997
583034,2.84955
583035,3.52931
583036,1.71875
583037,3.90211
583038,0.69993
583039,6.242
583040,6.25592
583041,2.96958
583042,1.93058
583043,6.9728
583044,1.60999
583046,2.09569
583047,6.96531
583048,2.93173
583049,4.33417