polygon_id,meadow_id,s2rep,ndvi,ndwi,savi,evi,msi,ndmi,mndwi,observer_estimated_class,soil_moisture,soil_resistance,vegetation_height,plant_richness_mean
143023_01,143023,720.7550048828125,0.76189786195755,-0.7062931656837463,0.5828484892845154,0.6736575961112976,0.626577615737915,0.24200168251991272,-0.5793861746788025,moderate,21.66666667,35.5,7.44,2
143023_02,143023,720.513916015625,0.6801044940948486,-0.6454868316650391,0.4623467028141022,0.51419597864151,0.7200167775154114,0.10596677660942078,-0.5948594212532043,moderate,24.58888889,27.33333333,4.793333333,1.6666666666666667
143016_01,143016,720.37188720703125,0.7188896536827087,-0.6718454360961914,0.5100558400154114,0.5721551775932312,0.6745112538337708,0.12735515832901,-0.6150148510932922,moderate,32.48888889,20.2,5.473333333,1.6666666666666667
143016_02,143016,721.0916748046875,0.7853548526763916,-0.715726375579834,0.6157204508781433,0.7202810645103455,0.5735689401626587,0.27937597036361694,-0.5661959052085876,moderate,20.17777778,27.2,6.18,3
143016_03,143016,721.23687744140625,0.8257268667221069,-0.7395422458648682,0.6542320251464844,0.7749869227409363,0.5357574820518494,0.3114328682422638,-0.579147458076477,moderate,21.05555556,26.13333333,6.426666667,2.3333333333333335
116032_01,116032,726.690185546875,0.9424346685409546,-0.8521230220794678,0.7817403078079224,0.9596225619316101,0.30351823568344116,0.5520264506340027,-0.5696407556533813,low,18.61111111,25.2,22.79333333,3
116032_02,116032,726.4456787109375,0.9432017207145691,-0.8549619913101196,0.7818098664283752,0.9550843834877014,0.3023807406425476,0.5536061525344849,-0.5735822916030884,low,19.72222222,27.33333333,23.8,3
25006_01,25006,718.82611083984375,0.7772650122642517,-0.7000498175621033,0.6071827411651611,0.6974212527275085,0.5832738280296326,0.2832646071910858,-0.5087792873382568,high,54.15555556,13.93333333,6.326666667,6
25006_02,25006,718.5234375,0.7306867837905884,-0.673599362373352,0.5610769987106323,0.6340341567993164,0.6466366052627563,0.2219916731119156,-0.5178109407424927,high,56.22222222,8.133333333,7.16,4.333333333333333
162027_01,162027,724.8154296875,0.8116214871406555,-0.7517463564872742,0.5862576961517334,0.6835993528366089,0.4713568091392517,0.28884357213974,-0.5827019214630127,moderate,26.92222222,24,9.88,1
162027_02,162027,724.8856201171875,0.9062572121620178,-0.8217151761054993,0.7153645157814026,0.8499785661697388,0.41244152188301086,0.4436259865760803,-0.5951294302940369,moderate,15.54444444,42.6,11.29333333,3
130005_01,130005,726.38726806640625,0.9405975937843323,-0.8501752018928528,0.7636157870292664,0.924347996711731,0.3374814987182617,0.5314109921455383,-0.5792691707611084,low,19.80833333,33.85,22.625,1.75
162028_01,162028,724.60015869140625,0.895149290561676,-0.8095034956932068,0.7076914310455322,0.8410090208053589,0.42389512062072754,0.4248620271682739,-0.5712796449661255,moderate,18.56666667,44.93333333,9.233333333,4.333333333333333
162028_02,162028,722.10107421875,0.8544068932533264,-0.7612042427062988,0.6332215666770935,0.7305242419242859,0.4513707160949707,0.387367308139801,-0.523781955242157,high,25.1,27,14.15333333,4.333333333333333
129014_01,129014,717.76263427734375,0.703829288482666,-0.6516959071159363,0.4553644359111786,0.4882757067680359,0.6267870664596558,0.21579505503177643,-0.49406975507736206,high,67.05555556,8.133333333,9.74,4
129014_02,129014,718.32763671875,0.7348645925521851,-0.6644353866577148,0.5146552920341492,0.5802546143531799,0.5797060132026672,0.23855352401733398,-0.4958038926124573,high,71.5,6.866666667,5.886666667,5
129088_02,129088,719.268310546875,0.8069535493850708,-0.7105305194854736,0.6250649094581604,0.7413218021392822,0.5496923923492432,0.32718366384506226,-0.49196475744247437,high,30.68888889,11.5,3.58,5
129088_01,129088,717.56060791015625,0.7067061066627502,-0.621228814125061,0.4133721590042114,0.45782768726348877,0.5766011476516724,0.34979650378227234,-0.33635759353637695,high,84.42222222,6.333333333,6.44,1.6666666666666667
575023_01,575023,719.18731689453125,0.674651563167572,-0.6354026198387146,0.46129199862480164,0.5134602189064026,0.5548422336578369,0.27554377913475037,-0.4243033528327942,high,70.81111111,10.33333333,7.293333333,3.6666666666666665
575023_02,575023,719.34588623046875,0.7054218649864197,-0.6532124876976013,0.5254936218261719,0.5950177907943726,0.5405793786048889,0.2871415913105011,-0.4409855902194977,high,62.76666667,13.66666667,4.58,4.666666666666667
575019_01,575019,721.92095947265625,0.8632122874259949,-0.7633435130119324,0.6677828431129456,0.7940168380737305,0.4630754590034485,0.37952128052711487,-0.5413524508476257,high,36.97777778,20.66666667,8.773333333,3.3333333333333335
575019_02,575019,721.17523193359375,0.8286752104759216,-0.7366339564323425,0.6402759552001953,0.7492989897727966,0.49959734082221985,0.3237279951572418,-0.5424426794052124,high,41.32222222,19.33333333,6.226666667,4
79024_01,79024,719.33782958984375,0.7732329964637756,-0.6911922693252563,0.6046645641326904,0.7028019428253174,0.5426977276802063,0.2849390208721161,-0.5059443712234497,high,31.44444444,13.73333333,3.966666667,5.333333333333333
79024_02,79024,718.02093505859375,0.7242774367332458,-0.6571091413497925,0.5341488122940063,0.6039189696311951,0.5536930561065674,0.31312480568885803,-0.46150174736976624,high,68.51111111,8.666666667,3.653333333,6.333333333333333
79020_01,79020,719.67626953125,0.786862850189209,-0.701105535030365,0.5945160388946533,0.6855884790420532,0.5572988986968994,0.27512383460998535,-0.5169470906257629,high,32.91111111,15.93333333,4.353333333,4
79020_02,79020,719.524169921875,0.7752777338027954,-0.6893391013145447,0.5990424752235413,0.6892685890197754,0.564113438129425,0.2783394157886505,-0.5168264508247375,high,29.78888889,13.96666667,5.42,4.666666666666667
564029_01,564029,721.94671630859375,0.8782820105552673,-0.7669936418533325,0.68997722864151,0.8281468749046326,0.4231932461261749,0.4322030246257782,-0.5295321345329285,low,14.08888889,46.33333333,7.513333333,4.333333333333333
564029_02,564029,721.87841796875,0.8738595247268677,-0.7622418999671936,0.6945047378540039,0.8358486294746399,0.42946699261665344,0.4334704279899597,-0.5249661207199097,low,14.64444444,42.33333333,6.9,5.333333333333333
114090_01,114090,724.19378662109375,0.9148135185241699,-0.8214380741119385,0.7339579463005066,0.871472179889679,0.39145827293395996,0.48232924938201904,-0.553977370262146,low,19.48888889,42.73333333,13.90666667,1.6666666666666667
114090_02,114090,724.6695556640625,0.9179725050926208,-0.8259385228157043,0.7325958609580994,0.8699960112571716,0.3683236837387085,0.4863409101963043,-0.5576483607292175,low,15.4,53.66666667,20.33333333,3
114091_01,114091,724.57623291015625,0.9273383021354675,-0.8374040722846985,0.7444791197776794,0.8780423402786255,0.37729310989379883,0.48818373680114746,-0.5729495882987976,low,12.83333333,47,16.95333333,3
114091_02,114091,723.7850341796875,0.9254539012908936,-0.8356730937957764,0.7455635070800781,0.8936724066734314,0.4065636098384857,0.4784284830093384,-0.5817397832870483,low,16.66666667,46.86666667,15.36,2
583045_01,583045,723.70751953125,0.8894650936126709,-0.7955347895622253,0.6748636960983276,0.7889788150787354,0.401547372341156,0.43258270621299744,-0.5422475934028625,low,22.71666667,35.55,16.685,1.5
583045_02,583045,723.58172607421875,0.8898115754127502,-0.7954322695732117,0.67533940076828,0.7938336730003357,0.3970682919025421,0.42862504720687866,-0.5393890142440796,low,22.075,42.4,14.5,2.5
100028_01,100028,719.88824462890625,0.7795653343200684,-0.7134618163108826,0.6238566040992737,0.7310932874679565,0.5283340215682983,0.3331078588962555,-0.5000702142715454,high,39.28888889,10.3,12.23333333,6.666666666666667
100028_02,100028,719.87054443359375,0.7862937450408936,-0.720884382724762,0.6152675747871399,0.7071748971939087,0.5392363667488098,0.31064340472221375,-0.4997347593307495,high,37.47777778,11.43333333,14.12666667,5.666666666666667
16086_01,16086,721.21209716796875,0.8493428230285645,-0.7458819150924683,0.6813322901725769,0.8185927867889404,0.4632592797279358,0.35299941897392273,-0.5348893404006958,moderate,17.87777778,23.8,8.313333333,2.3333333333333335
16082_01,16082,721.91497802734375,0.8720982670783997,-0.7636571526527405,0.7207223773002625,0.859647274017334,0.4487694501876831,0.38125988841056824,-0.5446529984474182,low,17.7,25.35,4.78,2.25
16082_02,16082,720.3345947265625,0.8535725474357605,-0.7324724197387695,0.6835557222366333,0.8092588782310486,0.4519020617008209,0.36224398016929626,-0.514397382736206,moderate,16.96666667,23.93333333,7.446666667,3
16082_03,16082,719.81573486328125,0.8377508521080017,-0.7186856269836426,0.6600528955459595,0.777873158454895,0.4901430010795593,0.34377244114875793,-0.5155349373817444,moderate,22.98888889,23.66666667,5.133333333,3
128006_01,128006,725.42938232421875,0.9314812421798706,-0.8367522358894348,0.7525341510772705,0.899174153804779,0.34688904881477356,0.5248068571090698,-0.5627925992012024,low,19.1,39.8,21.66666667,3.3333333333333335
128006_02,128006,725.5867919921875,0.9369473457336426,-0.8406932353973389,0.771903395652771,0.9159467220306396,0.3344927728176117,0.5430107116699219,-0.5520426630973816,low,17.4,46.33333333,20.44,4
129021_01,129021,719.92626953125,0.7638942003250122,-0.6968808174133301,0.5382564067840576,0.6068459749221802,0.5687056183815002,0.280771404504776,-0.49685198068618774,high,30.07777778,14.73333333,7.693333333,7.333333333333333
129021_02,129021,718.98590087890625,0.7168008089065552,-0.6772956848144531,0.5069998502731323,0.5631418824195862,0.6243685483932495,0.22528612613677979,-0.5160381197929382,high,43.34444444,14.13333333,7.54,7.666666666666667
69045_01,69045,719.35540771484375,0.7694176435470581,-0.7078618407249451,0.5359997749328613,0.5965501666069031,0.5873174071311951,0.25279489159584045,-0.5368342995643616,high,37.61111111,11.13333333,10.87333333,8.333333333333334
69004_01,69004,718.61627197265625,0.6608744263648987,-0.6586000323295593,0.4183376729488373,0.4418017864227295,0.7254289388656616,0.16555580496788025,-0.5449808239936829,high,72.85555556,6.433333333,10.78666667,5.666666666666667
69004_02,69004,717.45501708984375,0.650777280330658,-0.6458759903907776,0.3557278513908386,0.36416640877723694,0.7245139479637146,0.17151038348674774,-0.5240785479545593,high,85.51111111,6.7,13.04,6
149006_01,149006,725.09918212890625,0.9047127962112427,-0.8155248761177063,0.7172300219535828,0.8576228022575378,0.36135733127593994,0.4806429445743561,-0.5606119632720947,low,32.83333333,19.6,30.01333333,3.3333333333333335
149006_02,149006,724.51885986328125,0.8737010359764099,-0.7893093228340149,0.684956967830658,0.8133419156074524,0.3865010142326355,0.44528231024742126,-0.5572013854980469,low,32.5,18,22.92666667,4
66024_01,66024,720.440673828125,0.7423108816146851,-0.7067297101020813,0.5121146440505981,0.547552227973938,0.560030996799469,0.27509385347366333,-0.5392445921897888,high,70.93333333,8.533333333,20.2,7.333333333333333
66014_01,66014,719.37347412109375,0.7636908292770386,-0.6890360713005066,0.5207821130752563,0.5796926021575928,0.5816627740859985,0.2671872675418854,-0.5032947659492493,high,68.12222222,9.6,11.14666667,7
66014_02,66014,719.71075439453125,0.8159157037734985,-0.7204940915107727,0.5804423093795776,0.646666944026947,0.5666186213493347,0.29584673047065735,-0.5296028852462769,high,55.21111111,6.666666667,12.81333333,7
24068_01,24068,719.31707763671875,0.7286698818206787,-0.6873626112937927,0.5209312438964844,0.5741198062896729,0.5734089612960815,0.24373938143253326,-0.5301628112792969,high,72.54444444,5.866666667,21.14,8
24068_02,24068,719.35186767578125,0.7237171530723572,-0.6789396405220032,0.5066741704940796,0.5548294186592102,0.5788844227790833,0.23855283856391907,-0.5238668918609619,high,53.44444444,5.766666667,19.7,7.666666666666667
114049_01,114049,723.71795654296875,0.8899801969528198,-0.8027467131614685,0.7230421304702759,0.8678097128868103,0.4411659240722656,0.4319794476032257,-0.5628858208656311,moderate,26.43333333,35.93333333,11.91333333,3.6666666666666665
114049_02,114049,723.57708740234375,0.8850515484809875,-0.8008818030357361,0.7011552453041077,0.8282065987586975,0.45319798588752747,0.4057236313819885,-0.5780304670333862,moderate,23.82222222,32.4,11.4,2.6666666666666665
5042_01,5042,715.88604736328125,0.648905336856842,-0.6045544147491455,0.4508179724216461,0.512812614440918,0.8134153485298157,0.09884686022996902,-0.5356491804122925,high,38.07333333,12.52,2.356,3.2
564005_01,564005,721.059326171875,0.7979539036750793,-0.7176417708396912,0.6173809766769409,0.7352542877197266,0.5351843237876892,0.30868688225746155,-0.5427929162979126,moderate,20.5,32.13333333,9.586666667,2.3333333333333335
564005_02,564005,720.5477294921875,0.7736040949821472,-0.7046661376953125,0.5955707430839539,0.6934348940849304,0.6057853102684021,0.2405695915222168,-0.5552847385406494,moderate,19.65555556,39.46666667,5.553333333,3.6666666666666665
564022_01,564022,720.61651611328125,0.7601608633995056,-0.6960299611091614,0.5685470700263977,0.6477979421615601,0.6328874826431274,0.21730376780033112,-0.5750702023506165,moderate,20.44444444,32.66666667,7.52,4.333333333333333
564022_02,564022,721.585693359375,0.7947669625282288,-0.7177771329879761,0.6128589510917664,0.7058899402618408,0.5719051361083984,0.26736557483673096,-0.5731399059295654,moderate,17.06666667,35.73333333,8.166666667,5
564022_03,564022,722.862548828125,0.8319706320762634,-0.759758472442627,0.6188063621520996,0.7140544652938843,0.49580103158950806,0.33351027965545654,-0.5919673442840576,moderate,20.63333333,39.86666667,11.86,3
564022_04,564022,723.17279052734375,0.8273328542709351,-0.7532640099525452,0.6135380268096924,0.7039508819580078,0.4720209240913391,0.32785314321517944,-0.5865361094474792,moderate,15.5,35.06666667,11.38,3
568033_01,568033,720.39990234375,0.8750261068344116,-0.7494639158248901,0.7119330763816833,0.8749528527259827,0.46188679337501526,0.4064702093601227,-0.4929170608520508,high,25.58888889,35.6,6.013333333,6
568033_02,568033,719.879638671875,0.807543933391571,-0.7046458125114441,0.6016461849212646,0.7059828639030457,0.5227842926979065,0.2755592167377472,-0.5202503800392151,high,27.38888889,26.4,7.453333333,5
575002_02,575002,723.95684814453125,0.9166087508201599,-0.8090999722480774,0.7680591344833374,0.9175692796707153,0.29052773118019104,0.570307731628418,-0.43242350220680237,moderate,24.03333333,35.86666667,19.88,6
575002_03,575002,723.1895751953125,0.9096235632896423,-0.7962862253189087,0.7418056726455688,0.8993926644325256,0.29290077090263367,0.5390040278434753,-0.45252725481987,moderate,23.65555556,26.06666667,19.8,7.333333333333333
575002_01,575002,725.58892822265625,0.9173601865768433,-0.8264585137367249,0.7485241889953613,0.9085407257080078,0.34965911507606506,0.4796031415462494,-0.5745718479156494,low,20.87333333,44.12,18.924,3.6
133035_01,133035,724.9188232421875,0.9328562021255493,-0.8340861201286316,0.7516574263572693,0.8983266949653625,0.34808456897735596,0.49805009365081787,-0.5719435811042786,low,20.17777778,40.93333333,13.24666667,4.333333333333333
133035_02,133035,724.707763671875,0.9280363321304321,-0.8276609182357788,0.7554790377616882,0.9096584320068359,0.35847923159599304,0.4803910255432129,-0.5838304758071899,low,24.33333333,51,13.16666667,3.6666666666666665
70021_01,70021,719.7396240234375,0.71624356508255,-0.6839005351066589,0.4921914041042328,0.5575946569442749,0.6710533499717712,0.18417060375213623,-0.5621803402900696,high,50.73333333,11.23333333,18.34,3.3333333333333335
70021_02,70021,719.47198486328125,0.6497310996055603,-0.636232316493988,0.45512494444847107,0.49901682138442993,0.6899324655532837,0.15755215287208557,-0.5461859703063965,high,53.6,11.1,16.75333333,3.3333333333333335
70042_01,70042,719.37396240234375,0.723814070224762,-0.68668532371521,0.5160406827926636,0.5902044177055359,0.6362616419792175,0.21911929547786713,-0.5600526928901672,high,61.25555556,9.466666667,11.16,3.6666666666666665
70042_02,70042,719.189208984375,0.7469015121459961,-0.7015619277954102,0.5403140187263489,0.6200711131095886,0.6372619271278381,0.26541364192962646,-0.5493642687797546,high,62.55555556,6.333333333,11.6,6
70006_01,70006,720.114013671875,0.7370460629463196,-0.6954174041748047,0.5351923108100891,0.600336492061615,0.6263934969902039,0.2708708345890045,-0.5288362503051758,moderate,42.6,10.33333333,17.38,2.3333333333333335
70006_02,70006,720.51055908203125,0.7803829312324524,-0.7126621603965759,0.573453426361084,0.6690710783004761,0.5405593514442444,0.3115227520465851,-0.5335028171539307,moderate,46.52222222,12.46666667,17.86,2.3333333333333335
70005_01,70005,720.98333740234375,0.8275772333145142,-0.7367371916770935,0.6108219027519226,0.707019031047821,0.5423904061317444,0.34915491938591003,-0.5362051129341125,high,50.2,10,18.22666667,6
70005_02,70005,719.82293701171875,0.7469629645347595,-0.6933633089065552,0.536415696144104,0.6046021580696106,0.7304702401161194,0.25667306780815125,-0.5471140742301941,moderate,48.04444444,11.83333333,17.35333333,2.3333333333333335
142027_01,142027,722.8201904296875,0.8752368092536926,-0.778717577457428,0.7004402279853821,0.8373516201972961,0.44768282771110535,0.40270155668258667,-0.5485750436782837,moderate,27.56666667,40.04,13.828,3.6
142027_02,142027,720.9754638671875,0.8735448122024536,-0.7550562620162964,0.6857530474662781,0.8165127635002136,0.4763892889022827,0.39178991317749023,-0.5127379298210144,high,39.15555556,15.06666667,16.68,7
5030_01,5030,716.51116943359375,0.6261655688285828,-0.6020587682723999,0.48619911074638367,0.55292510986328125,0.7626810073852539,0.12822014093399048,-0.5124670267105103,high,40.92666667,13.32,3.108,1.8
5029_01,5029,716.20135498046875,0.6118866205215454,-0.5798700451850891,0.42286598682403564,0.46504661440849304,0.8131957650184631,0.09220318496227264,-0.5171315670013428,high,41.6,14.42,3.372,4.4
69045_02,69045,719.7275390625,0.7730568051338196,-0.7157727479934692,0.537205159664154,0.5961399674415588,0.5558412671089172,0.2783704400062561,-0.5393150448799133,high,31.25555556,11.1,10.58,7.333333333333333
