polygon_id,meadow_id,s2rep,ndvi,ndwi,savi,evi,msi,ndmi,mndwi,observer_estimated_class,soil_moisture,soil_resistance,vegetation_height,plant_richness_mean,soil_resistance_std,soil_moisture_std,plant_richness_std,vegetation_height_std,habitat_class_knn_all_field,habitat_class_rbc_soil_richness
143023_01,143023,720.7550048828125,0.76189786195755,-0.7062931656837463,0.5828484892845154,0.6736575961112976,0.626577615737915,0.24200168251991272,-0.5793861746788025,moderate,21.66666667,35.5,7.44,2,0.6207376478316866,0.12154104885731416,0.13636363636363635,0.18382104808656188,moderate,low
143023_02,143023,720.513916015625,0.6801044940948486,-0.6454868316650391,0.4623467028141022,0.51419597864151,0.7200167775154114,0.10596677660942078,-0.5948594212532043,moderate,24.58888889,27.33333333,4.793333333,1.6666666666666667,0.45024356287368,0.16174896810390615,0.09090909090909091,0.08812611483248879,moderate,low
143016_01,143016,720.37188720703125,0.7188896536827087,-0.6718454360961914,0.5100558400154114,0.5721551775932312,0.6745112538337708,0.12735515832901,-0.6150148510932922,moderate,32.48888889,20.2,5.473333333,1.6666666666666667,0.30132219899991725,0.27044794379237275,0.09090909090909091,0.11271272236570323,moderate,moderate
143016_02,143016,721.0916748046875,0.7853548526763916,-0.715726375579834,0.6157204508781433,0.7202810645103455,0.5735689401626587,0.27937597036361694,-0.5661959052085876,moderate,20.17777778,27.2,6.18,3,0.447459986047132,0.10105488464757513,0.2727272727272727,0.1382635105985469,moderate,low
143016_03,143016,721.23687744140625,0.8257268667221069,-0.7395422458648682,0.6542320251464844,0.7749869227409363,0.5357574820518494,0.3114328682422638,-0.579147458076477,moderate,21.05555556,26.13333333,6.426666667,2.3333333333333335,0.42519137080844316,0.11313254864353667,0.18181818181818182,0.14718218197068678,moderate,low
116032_01,116032,726.690185546875,0.9424346685409546,-0.8521230220794678,0.7817403078079224,0.95962256193161,0.30351823568344116,0.5520264506340027,-0.5696407556533813,low,18.61111111,25.2,22.79333333,3,0.4057063326050706,0.07949854765083324,0.2727272727272727,0.7389480788385177,low,low
116032_02,116032,726.4456787109375,0.9432017207145692,-0.8549619913101196,0.7818098664283752,0.9550843834877014,0.3023807406425476,0.5536061525344849,-0.5735822916030884,low,19.72222222,27.33333333,23.8,3,0.45024356287368,0.09478672987020983,0.2727272727272727,0.7753458999150734,low,low
25006_01,25006,718.82611083984375,0.7772650122642517,-0.7000498175621033,0.6071827411651611,0.6974212527275085,0.5832738280296326,0.2832646071910858,-0.5087792873382568,high,54.15555556,13.93333333,6.326666667,6,0.17049408481186887,0.5685674974142007,0.6818181818181818,0.14356650439227286,high,high
25006_02,25006,718.5234375,0.7306867837905884,-0.673599362373352,0.5610769987106323,0.6340341567993164,0.6466366052627563,0.2219916731119156,-0.5178109407424927,high,56.22222222,8.133333333,7.16,4.333333333333333,0.04940848989252138,0.597003516278948,0.4545454545454545,0.173697150867003,high,high
162027_01,162027,724.8154296875,0.8116214871406555,-0.7517463564872742,0.5862576961517334,0.6835993528366089,0.4713568091392517,0.28884357213974,-0.5827019214630127,moderate,26.92222222,24,9.88,1,0.3806541405398338,0.19385415075083764,0,0.27204358099986065,moderate,low
162027_02,162027,724.8856201171875,0.9062572121620178,-0.8217151761054993,0.7153645157814026,0.8499785661697388,0.41244152188301086,0.4436259865760803,-0.5951294302940369,moderate,15.54444444,42.6,11.29333333,3,0.7689631175510044,0.037303164637293884,0.2727272727272727,0.3231451573209209,moderate,low
130005_01,130005,726.38726806640625,0.9405975937843324,-0.8501752018928528,0.7636157870292664,0.924347996711731,0.3374814987182617,0.5314109921455383,-0.5792691707611084,low,19.80833333,33.85,22.625,1.75,0.586290883741986,0.09597156397810819,0.10227272727272727,0.73286168836871,low,low
162028_01,162028,724.60015869140625,0.895149290561676,-0.8095034956932068,0.7076914310455322,0.8410090208053589,0.42389512062072754,0.4248620271682739,-0.5712796449661255,moderate,18.56666667,44.93333333,9.233333333,4.333333333333333,0.81767571316382,0.07888702042259939,0.4545454545454545,0.24866219931406522,low,moderate
162028_02,162028,722.10107421875,0.8544068932533264,-0.7612042427062988,0.6332215666770935,0.7305242419242859,0.4513707160949707,0.387367308139801,-0.523781955242157,high,25.1,27,14.15333333,4.333333333333333,0.44328462070292585,0.1687815319165638,0.4545454545454545,0.42655353606355806,moderate,moderate
129014_01,129014,717.76263427734375,0.703829288482666,-0.6516959071159363,0.4553644359111786,0.4882757067680359,0.6267870664596558,0.21579505503177643,-0.49406975507736206,high,67.05555556,8.133333333,9.74,4,0.04940848989252138,0.7460632931586588,0.40909090909090906,0.2669816323900812,high,high
129014_02,129014,718.32763671875,0.7348645925521851,-0.6644353866577148,0.5146552920341492,0.5802546143531799,0.5797060132026672,0.238553524017334,-0.4958038926124573,high,71.5,6.866666667,5.886666667,5,0.022964509393133742,0.8072160220361652,0.5454545454545454,0.12765752304725178,high,high
129088_02,129088,719.268310546875,0.8069535493850708,-0.7105305194854736,0.6250649094581604,0.7413218021392822,0.5496923923492432,0.32718366384506226,-0.4919647574424744,high,30.68888889,11.5,3.58,5,0.1196938065269503,0.24568108857221582,0.5454545454545454,0.044255893559785944,high,high
129088_01,129088,717.56060791015625,0.7067061066627502,-0.621228814125061,0.4133721590042114,0.4578276872634888,0.5766011476516724,0.34979650378227234,-0.33635759353637695,high,84.42222222,6.333333333,6.44,1.6666666666666667,0.011830201794666161,0.9850175813947403,0.09090909090909091,0.14766427230242304,high,moderate
575023_01,575023,719.18731689453125,0.674651563167572,-0.6354026198387146,0.4612919986248016,0.5134602189064026,0.5548422336578369,0.27554377913475037,-0.4243033528327942,high,70.81111111,10.33333333,7.293333333,3.6666666666666665,0.09533750861615842,0.7977373490353848,0.3636363636363636,0.1785180542928359,high,moderate
575023_02,575023,719.34588623046875,0.7054218649864197,-0.6532124876976013,0.5254936218261719,0.5950177907943726,0.5405793786048889,0.2871415913105011,-0.4409855902194977,high,62.76666667,13.66666667,4.58,4.666666666666667,0.16492693115877285,0.6870509097175646,0.5,0.08041266934392478,high,high
575019_01,575019,721.9209594726564,0.8632122874259949,-0.7633435130119324,0.6677828431129456,0.7940168380737305,0.4630754590034485,0.37952128052711487,-0.5413524508476257,high,36.97777778,20.66666667,8.773333333,3.3333333333333335,0.3110647182059877,0.3322122000357066,0.3181818181818182,0.2320300824533614,high,moderate
575019_02,575019,721.17523193359375,0.8286752104759216,-0.7366339564323425,0.6402759552001953,0.7492989897727966,0.49959734082221985,0.3237279951572418,-0.5424426794052124,high,41.32222222,19.33333333,6.226666667,4,0.2832289491054345,0.3919889925120933,0.40909090909090906,0.13995082681385898,high,high
79024_01,79024,719.33782958984375,0.7732329964637756,-0.6911922693252563,0.6046645641326904,0.7028019428253174,0.5426977276802063,0.2849390208721161,-0.5059443712234497,high,31.44444444,13.73333333,3.966666667,5.333333333333333,0.16631871946766275,0.256077052415347,0.5909090909090908,0.058236513541705226,high,high
79024_02,79024,718.02093505859375,0.7242774367332458,-0.6571091413497925,0.5341488122940063,0.6039189696311951,0.5536930561065674,0.31312480568885803,-0.46150174736976624,high,68.51111111,8.666666667,3.653333333,6.333333333333333,0.06054279749098897,0.7660908118096288,0.7272727272727272,0.046907390438570534,high,high
79020_01,79020,719.67626953125,0.786862850189209,-0.701105535030365,0.5945160388946533,0.6855884790420532,0.5572988986968994,0.27512383460998535,-0.5169470906257629,high,32.91111111,15.93333333,4.353333333,4,0.21224773825393026,0.27625745301096905,0.40909090909090906,0.07221713348746772,high,high
79020_02,79020,719.524169921875,0.7752777338027954,-0.6893391013145447,0.5990424752235413,0.6892685890197754,0.564113438129425,0.2783394157886505,-0.5168264508247375,high,29.78888889,13.96666667,5.42,4.666666666666667,0.17118997917508205,0.23329766096213736,0.5,0.1107843610026014,high,high
564029_01,564029,721.94671630859375,0.8782820105552673,-0.7669936418533325,0.68997722864151,0.8281468749046326,0.4231932461261749,0.4322030246257782,-0.5295321345329285,low,14.08888889,46.33333333,7.513333333,4.333333333333333,0.8469032705732629,0.017275645986323928,0.4545454545454545,0.18647254496534646,moderate,moderate
564029_02,564029,721.87841796875,0.8738595247268677,-0.7622418999671936,0.6945047378540039,0.8358486294746399,0.42946699261665344,0.4334704279899597,-0.5249661207199097,low,14.64444444,42.33333333,6.9,5.333333333333333,0.7633959636891402,0.0249197370272154,0.5909090909090908,0.1642963891631269,moderate,moderate
114090_01,114090,724.19378662109375,0.91481351852417,-0.8214380741119385,0.7339579463005066,0.871472179889679,0.39145827293396,0.48232924938201904,-0.553977370262146,low,19.48888889,42.73333333,13.90666667,1.6666666666666667,0.7717466943775524,0.09157621164679478,0.09090909090909091,0.4176348649445156,low,low
114090_02,114090,724.6695556640625,0.9179725050926208,-0.8259385228157043,0.7325958609580994,0.8699960112571716,0.3683236837387085,0.4863409101963043,-0.5576483607292175,low,15.4,53.66666667,20.33333333,3,1,0.0353157010079402,0.2727272727272727,0.6500024104095361,low,low
114091_01,114091,724.5762329101564,0.9273383021354676,-0.8374040722846985,0.7444791197776794,0.8780423402786255,0.3772931098937988,0.48818373680114746,-0.5729495882987976,low,12.83333333,47,16.95333333,3,0.8608211551235394,0,0.2727272727272727,0.5277925082591467,low,low
114091_02,114091,723.7850341796875,0.9254539012908936,-0.8356730937957764,0.7455635070800781,0.8936724066734314,0.4065636098384857,0.4784284830093384,-0.5817397832870483,low,16.66666667,46.86666667,15.36,2,0.8580375782969915,0.052744228801322623,0.13636363636363635,0.4701827122969414,low,low
583045_01,583045,723.70751953125,0.8894650936126709,-0.7955347895622253,0.6748636960983276,0.7889788150787354,0.401547372341156,0.43258270621299744,-0.5422475934028625,low,22.71666667,35.55,16.685,1.5,0.6217814891677381,0.13598838106907235,0.06818181818181818,0.5180904402109254,low,low
583045_02,583045,723.58172607421875,0.8898115754127502,-0.7954322695732117,0.67533940076828,0.7938336730003357,0.3970682919025421,0.42862504720687866,-0.5393890142440796,low,22.075,42.4,14.5,2.5,0.7647877522067983,0.1271594557826889,0.20454545454545453,0.43908788512258207,low,low
100028_01,100028,719.88824462890625,0.7795653343200684,-0.7134618163108826,0.6238566040992737,0.7310932874679565,0.5283340215682983,0.3331078588962555,-0.5000702142715454,high,39.28888889,10.3,12.23333333,6.666666666666667,0.0946416144617135,0.3640116190685213,0.7727272727272727,0.3571325265580115,high,high
100028_02,100028,719.87054443359375,0.7862937450408936,-0.720884382724762,0.6152675747871399,0.7071748971939087,0.5392363667488098,0.31064340472221375,-0.4997347593307495,high,37.47777778,11.43333333,14.12666667,5.666666666666667,0.11830201800929216,0.3390918820413058,0.6363636363636364,0.42558935561702615,high,high
16086_01,16086,721.21209716796875,0.8493428230285645,-0.7458819150924683,0.6813322901725769,0.8185927867889404,0.4632592797279358,0.35299941897392273,-0.5348893404006958,moderate,17.87777778,23.8,8.313333333,2.3333333333333335,0.3764787751956277,0.06940834742181902,0.18181818181818182,0.2153979655926575,moderate,low
16082_01,16082,721.9149780273436,0.8720982670783997,-0.7636571526527405,0.7207223773002625,0.859647274017334,0.4487694501876831,0.38125988841056824,-0.5446529984474182,low,17.7,25.35,4.78,2.25,0.4088378566132253,0.06696223823369629,0.17045454545454544,0.08764402450075257,moderate,low
16082_02,16082,720.3345947265625,0.8535725474357605,-0.7324724197387695,0.6835557222366333,0.8092588782310486,0.4519020617008209,0.36224398016929626,-0.514397382736206,moderate,16.96666667,23.93333333,7.446666667,3,0.3792623520221757,0.056872038004682074,0.2727272727272727,0.18406209327050838,moderate,low
16082_03,16082,719.81573486328125,0.8377508521080017,-0.7186856269836426,0.6600528955459595,0.777873158454895,0.4901430010795593,0.34377244114875793,-0.5155349373817444,moderate,22.98888889,23.66666667,5.133333333,3,0.3736951983690797,0.13973398568598885,0.2727272727272727,0.10041941859909603,moderate,low
128006_01,128006,725.42938232421875,0.9314812421798706,-0.8367522358894348,0.7525341510772705,0.899174153804779,0.34688904881477356,0.5248068571090698,-0.5627925992012024,low,19.1,39.8,21.66666667,3.3333333333333335,0.7105080027321184,0.08622534784937395,0.3181818181818182,0.6982114450294331,low,low
128006_02,128006,725.5867919921875,0.9369473457336426,-0.8406932353973389,0.771903395652771,0.9159467220306396,0.3344927728176117,0.5430107116699219,-0.5520426630973816,low,17.4,46.33333333,20.44,4,0.8469032705732629,0.06283442903033679,0.40909090909090906,0.6538591332803668,low,moderate
129021_01,129021,719.92626953125,0.7638942003250122,-0.6968808174133301,0.5382564067840576,0.6068459749221802,0.5687056183815002,0.280771404504776,-0.49685198068618774,high,30.07777778,14.73333333,7.693333333,7.333333333333333,0.18719554618869344,0.23727258835843842,0.8636363636363635,0.19298076460649144,high,high
129021_02,129021,718.98590087890625,0.7168008089065552,-0.6772956848144531,0.5069998502731323,0.5631418824195862,0.6243685483932495,0.2252861261367798,-0.5160381197929382,high,43.34444444,14.13333333,7.54,7.666666666666667,0.174669450156075,0.41981348414860675,0.9090909090909091,0.18743672566497574,high,high
69045_01,69045,719.35540771484375,0.7694176435470581,-0.7078618407249451,0.5359997749328613,0.5965501666069031,0.5873174071311951,0.25279489159584045,-0.5368342995643616,high,37.61111111,11.13333333,10.87333333,8.333333333333334,0.11203896999298295,0.3409264638636011,1,0.3079593114915826,high,high
69004_01,69004,718.61627197265625,0.6608744263648987,-0.6586000323295593,0.4183376729488373,0.4418017864227295,0.7254289388656616,0.16555580496788025,-0.5449808239936829,high,72.85555556,6.433333333,10.78666667,5.666666666666667,0.013917884466769241,0.825867604423609,0.6363636363636364,0.30482572449800244,high,high
69004_02,69004,717.45501708984375,0.650777280330658,-0.6458759903907776,0.3557278513908386,0.36416640877723694,0.7245139479637146,0.17151038348674774,-0.5240785479545593,high,85.51111111,6.7,13.04,6,0.019485038266003032,1,0.6818181818181818,0.38629899247773936,high,high
149006_01,149006,725.09918212890625,0.9047127962112428,-0.8155248761177063,0.7172300219535828,0.8576228022575378,0.36135733127593994,0.4806429445743561,-0.5606119632720947,low,32.83333333,19.6,30.01333333,3.3333333333333335,0.28879610296729885,0.27518728022396616,0.3181818181818182,1,low,moderate
149006_02,149006,724.51885986328125,0.8737010359764099,-0.7893093228340149,0.684956967830658,0.8133419156074524,0.3865010142326355,0.44528231024742126,-0.5572013854980469,low,32.5,18,22.92666667,4,0.25539318021364976,0.2706008255994312,0.40909090909090906,0.7437689825174479,low,high
66024_01,66024,720.440673828125,0.7423108816146851,-0.7067297101020813,0.5121146440505981,0.547552227973938,0.560030996799469,0.27509385347366333,-0.5392445921897888,high,70.93333333,8.533333333,20.2,7.333333333333333,0.05775922058093366,0.7994190490506216,0.8636363636363635,0.6451815070921735,high,high
66014_01,66014,719.37347412109375,0.7636908292770386,-0.6890360713005066,0.5207821130752563,0.5796926021575928,0.5816627740859985,0.2671872675418854,-0.5032947659492493,high,68.12222222,9.6,11.14666667,7,0.08002783575699199,0.7607399480122079,0.8181818181818181,0.3178421637802924,high,high
66014_02,66014,719.71075439453125,0.8159157037734985,-0.7204940915107727,0.5804423093795776,0.646666944026947,0.5666186213493347,0.29584673047065735,-0.5296028852462769,high,55.21111111,6.666666667,12.81333333,7,0.01878914404892762,0.5830912704606912,0.8181818181818181,0.378103456512812,high,high
24068_01,24068,719.31707763671875,0.7286698818206787,-0.6873626112937927,0.5209312438964844,0.5741198062896729,0.5734089612960815,0.2437393814325333,-0.5301628112792969,high,72.54444444,5.866666667,21.14,8,0.0020876826721030607,0.8215869132755975,0.9545454545454545,0.6791688763292639,high,high
24068_02,24068,719.35186767578125,0.7237171530723572,-0.6789396405220032,0.5066741704940796,0.5548294186592102,0.5788844227790833,0.23855283856391907,-0.5238668918609619,high,53.44444444,5.766666667,19.7,7.666666666666667,0,0.5587830606617097,0.9090909090909091,0.6271031192001041,high,high
114049_01,114049,723.71795654296875,0.8899801969528198,-0.8027467131614685,0.7230421304702759,0.8678097128868103,0.4411659240722656,0.4319794476032257,-0.5628858208656311,moderate,26.43333333,35.93333333,11.91333333,3.6666666666666665,0.629784272674544,0.18712735055229698,0.3636363636363636,0.34556235830708704,moderate,low
114049_02,114049,723.5770874023436,0.8850515484809875,-0.8008818030357361,0.7011552453041077,0.8282065987586975,0.45319798588752747,0.4057236313819885,-0.5780304670333862,moderate,23.82222222,32.4,11.4,2.6666666666666665,0.5560194849964916,0.15120012231612293,0.22727272727272724,0.3270018801917517,moderate,low
5042_01,5042,715.88604736328125,0.648905336856842,-0.6045544147491455,0.4508179724216461,0.512812614440918,0.8134153485298157,0.09884686022996902,-0.5356491804122925,high,38.07333333,12.52,2.356,3.2,0.14098816978240158,0.3472863476426452,0.3,0,high,moderate
564005_01,564005,721.059326171875,0.7979539036750793,-0.7176417708396912,0.6173809766769409,0.7352542877197266,0.5351843237876892,0.30868688225746155,-0.5427929162979126,moderate,20.5,32.13333333,9.586666667,2.3333333333333335,0.5504523311346272,0.10548845746505156,0.18181818181818182,0.2614375934485655,moderate,low
564005_02,564005,720.5477294921875,0.7736040949821472,-0.7046661376953125,0.5955707430839539,0.6934348940849304,0.6057853102684021,0.2405695915222168,-0.5552847385406494,moderate,19.65555556,39.46666667,5.553333333,3.6666666666666665,0.7035490605613645,0.09386943902785905,0.3636363636363636,0.11560526442843434,moderate,low
564022_01,564022,720.61651611328125,0.7601608633995056,-0.6960299611091614,0.5685470700263977,0.6477979421615601,0.6328874826431274,0.21730376780033112,-0.5750702023506165,moderate,20.44444444,32.66666667,7.52,4.333333333333333,0.5615866388583558,0.10472404829216563,0.4545454545454545,0.18671359014929295,moderate,moderate
564022_02,564022,721.585693359375,0.7947669625282288,-0.7177771329879761,0.6128589510917664,0.7058899402618408,0.5719051361083984,0.26736557483673096,-0.5731399059295654,moderate,17.06666667,35.73333333,8.166666667,5,0.6256089073303377,0.05824797440580192,0.5454545454545454,0.21009497183508832,moderate,moderate
564022_03,564022,722.862548828125,0.8319706320762634,-0.759758472442627,0.6188063621520996,0.7140544652938843,0.49580103158950806,0.33351027965545654,-0.5919673442840576,moderate,20.63333333,39.86666667,11.86,3,0.7118997912497766,0.10732303928734678,0.2727272727272727,0.3436339970524555,moderate,low
564022_04,564022,723.1727905273436,0.8273328542709351,-0.7532640099525452,0.6135380268096924,0.7039508819580078,0.4720209240913391,0.32785314321517944,-0.5865361094474792,moderate,15.5,35.06666667,11.38,3,0.6116910229888294,0.03669163740906003,0.2727272727272727,0.32627874467606893,moderate,low
568033_01,568033,720.39990234375,0.8750261068344116,-0.7494639158248901,0.7119330763816833,0.8749528527259827,0.46188679337501526,0.4064702093601227,-0.4929170608520508,high,25.58888889,35.6,6.013333333,6,0.6228253305037897,0.17550833211510447,0.6818181818181818,0.1322373812891382,moderate,moderate
568033_02,568033,719.879638671875,0.807543933391571,-0.7046458125114441,0.6016461849212646,0.7059828639030457,0.5227842926979065,0.2755592167377472,-0.5202503800392151,high,27.38888889,26.4,7.453333333,5,0.43075852467030745,0.20027518733526142,0.5454545454545454,0.18430313841829812,high,moderate
575002_02,575002,723.95684814453125,0.91660875082016,-0.8090999722480774,0.7680591344833374,0.9175692796707152,0.29052773118019104,0.570307731628418,-0.4324235022068024,moderate,24.03333333,35.86666667,19.88,6,0.628392484365654,0.15410487692542105,0.6818181818181818,0.6336113388412491,low,moderate
575002_03,575002,723.1895751953125,0.9096235632896424,-0.7962862253189087,0.7418056726455688,0.8993926644325256,0.29290077090263367,0.5390040278434753,-0.45252725481987,moderate,23.65555556,26.06666667,19.8,7.333333333333333,0.42379958249955335,0.14890689507265228,0.8636363636363635,0.630718796778518,high,moderate
575002_01,575002,725.5889282226564,0.9173601865768432,-0.8264585137367249,0.7485241889953613,0.9085407257080078,0.34965911507606506,0.4796031415462494,-0.5745718479156494,low,20.87333333,44.12,18.924,3.6,0.800695894166971,0.1106252866500344,0.35454545454545455,0.5990454611916122,low,low
133035_01,133035,724.9188232421875,0.9328562021255492,-0.8340861201286316,0.7516574263572693,0.8983266949653625,0.34808456897735596,0.4980500936508178,-0.5719435811042786,low,20.17777778,40.93333333,13.24666667,4.333333333333333,0.7341684062796973,0.10105488464757513,0.4545454545454545,0.393771392926984,moderate,moderate
133035_02,133035,724.707763671875,0.928036332130432,-0.8276609182357788,0.7554790377616882,0.909658432006836,0.35847923159599304,0.4803910255432129,-0.5838304758071899,low,24.33333333,51,13.16666667,3.6666666666666665,0.9443284620076622,0.1582326861287805,0.3636363636363636,0.39087885086425284,low,low
70021_01,70021,719.7396240234375,0.71624356508255,-0.6839005351066589,0.4921914041042328,0.5575946569442749,0.6710533499717712,0.18417060375213623,-0.5621803402900696,high,50.73333333,11.23333333,18.34,3.3333333333333335,0.11412665266508604,0.5214798960244158,0.3181818181818182,0.5779299041336752,high,moderate
70021_02,70021,719.47198486328125,0.6497310996055603,-0.636232316493988,0.455124944448471,0.49901682138442993,0.6899324655532837,0.15755215287208557,-0.5461859703063965,high,53.6,11.1,16.75333333,3.3333333333333335,0.11134307583853802,0.5609234062357156,0.3181818181818182,0.520561153102319,high,moderate
70042_01,70042,719.37396240234375,0.723814070224762,-0.68668532371521,0.5160406827926636,0.5902044177055359,0.6362616419792175,0.21911929547786713,-0.5600526928901672,high,61.25555556,9.466666667,11.16,3.6666666666666665,0.07724425886781353,0.6662589818937086,0.3636363636363636,0.31832425400355835,high,moderate
70042_02,70042,719.189208984375,0.7469015121459961,-0.7015619277954102,0.5403140187263489,0.6200711131095886,0.6372619271278381,0.26541364192962646,-0.5493642687797546,high,62.55555556,6.333333333,11.6,6,0.011830201794666161,0.6841461551082665,0.6818181818181818,0.3342332353485794,high,high
70006_01,70006,720.114013671875,0.7370460629463196,-0.6954174041748047,0.5351923108100891,0.600336492061615,0.6263934969902039,0.2708708345890045,-0.5288362503051758,moderate,42.6,10.33333333,17.38,2.3333333333333335,0.09533750861615842,0.40957040211253415,0.18181818181818182,0.5432193993809019,moderate,moderate
70006_02,70006,720.51055908203125,0.7803829312324524,-0.7126621603965759,0.573453426361084,0.6690710783004761,0.5405593514442444,0.3115227520465851,-0.5335028171539307,moderate,46.52222222,12.46666667,17.86,2.3333333333333335,0.13987473909353604,0.4635376853703245,0.18181818181818182,0.5605746517572885,moderate,moderate
70005_01,70005,720.9833374023436,0.8275772333145142,-0.7367371916770935,0.6108219027519226,0.707019031047821,0.5423904061317444,0.34915491938591003,-0.5362051129341125,high,50.2,10,18.22666667,6,0.08837856644540427,0.5141415685976413,0.6818181818181818,0.5738321363319954,high,high
70005_02,70005,719.82293701171875,0.7469629645347595,-0.6933633089065552,0.536415696144104,0.6046021580696106,0.7304702401161194,0.25667306780815125,-0.5471140742301941,moderate,48.04444444,11.83333333,17.35333333,2.3333333333333335,0.12665274869770443,0.48448249500123886,0.18181818181818182,0.5422552185728023,moderate,moderate
142027_01,142027,722.8201904296875,0.8752368092536926,-0.778717577457428,0.7004402279853821,0.8373516201972961,0.44768282771110535,0.4027015566825866,-0.5485750436782837,moderate,27.56666667,40.04,13.828,3.6,0.7155184411451658,0.20272129652338414,0.35454545454545455,0.41479053179564074,moderate,low
142027_02,142027,720.9754638671875,0.8735448122024536,-0.7550562620162964,0.6857530474662781,0.8165127635002136,0.4763892889022827,0.39178991317749023,-0.5127379298210144,high,39.15555556,15.06666667,16.68,7,0.19415448856821582,0.3621770372462261,0.8181818181818181,0.5179096563320047,high,high
5030_01,5030,716.51116943359375,0.6261655688285828,-0.6020587682723999,0.48619911074638367,0.55292510986328125,0.7626810073852539,0.12822014093399048,-0.5124670267105103,high,40.92666667,13.32,3.108,1.8,0.15768963115922613,0.38654639971299354,0.10909090909090909,0.027189895389672415,high,moderate
5029_01,5029,716.20135498046875,0.6118866205215454,-0.5798700451850891,0.4228659868240357,0.46504661440849304,0.8131957650184631,0.09220318496227264,-0.5171315670013428,high,41.6,14.42,3.372,4.4,0.18065414055235987,0.39581103810133583,0.4636363636363636,0.036735284196685064,high,high
69045_02,69045,719.7275390625,0.7730568051338196,-0.7157727479934692,0.537205159664154,0.5961399674415588,0.5558412671089172,0.2783704400062561,-0.5393150448799133,high,31.25555556,11.1,10.58,7.333333333333333,0.11134307583853802,0.2534780615577595,0.8636363636363635,0.2973533240487578,high,high
